time,altitude,x_position,velocity_x,velocity_y,theta_radians,theta_measured_radians,angular_velocity,angular_acceleration,current_mass,current_moi,current_moment_arm,current_stage,engine_thrust,is_burning,drag_force_y,gimbal_actual_deg,dt
0.0000,0.0000,0.0000,0.0000,0.0000,0.2618,0.2618,0.0000,0.0000,0.8340,0.0739,0.2900,1.0000,0.0000,0.0000,0.0000,0.0000,0.0100
0.0100,0.0000,0.0000,0.0000,0.0000,0.2618,0.2600,0.0000,-0.0000,0.8340,0.0739,0.2900,1.0000,0.0000,1.0000,0.0000,0.0000,0.0100
0.0200,0.0000,0.0000,0.0016,0.0000,0.2618,0.2637,0.0000,-0.0000,0.8338,0.0739,0.2900,1.0000,0.5160810810810811,1.0000,0.0000,0.0000,0.0100
0.0300,0.0000,0.0001,0.0048,0.0000,0.2618,0.2614,0.0000,-0.0000,0.8337,0.0739,0.2900,1.0000,1.0321621621621622,1.0000,0.0000,0.0000,0.0100
0.0400,0.0000,0.0002,0.0096,0.0000,0.2618,0.2633,0.0000,-0.0000,0.8335,0.0739,0.2900,1.0000,1.5482432432432434,1.0000,0.0000,0.0000,0.0100
0.0500,0.0000,0.0003,0.0181,0.0000,0.2617,0.2585,-0.0071,-0.7060,0.8333,0.0739,0.2900,1.0000,2.0643243243243243,1.0000,0.0000,5.0000,0.0100
0.0600,0.0000,0.0006,0.0261,0.0000,0.2617,0.2607,-0.0071,0.0000,0.8331,0.0739,0.2900,1.0000,2.580405405405406,1.0000,0.0000,-0.0000,0.0100
0.0700,0.0000,0.0010,0.0388,0.0000,0.2615,0.2651,-0.0177,-1.0591,0.8330,0.0739,0.2900,1.0000,3.096486486486487,1.0000,0.0000,5.0000,0.0100
0.0800,0.0000,0.0015,0.0536,0.0000,0.2612,0.2597,-0.0300,-1.2356,0.8328,0.0739,0.2900,1.0000,3.6125675675675684,1.0000,0.0000,5.0000,0.0100
0.0900,0.0000,0.0022,0.0706,0.0000,0.2607,0.2649,-0.0441,-1.4121,0.8326,0.0739,0.2900,1.0000,4.128648648648649,1.0000,0.0000,5.0000,0.0100
0.1000,0.0000,0.0031,0.0896,0.0000,0.2601,0.2590,-0.0600,-1.5886,0.8324,0.0739,0.2900,1.0000,4.64472972972973,1.0000,0.0000,5.0000,0.0100
0.1100,0.0000,0.0042,0.1107,0.0000,0.2594,0.2602,-0.0777,-1.7651,0.8323,0.0739,0.2900,1.0000,5.160810810810811,1.0000,0.0000,5.0000,0.0100
0.1200,0.0000,0.0056,0.1339,0.0000,0.2584,0.2569,-0.0971,-1.9416,0.8321,0.0739,0.2900,1.0000,5.676891891891891,1.0000,0.0000,5.0000,0.0100
0.1300,0.0000,0.0072,0.1591,0.0000,0.2572,0.2584,-0.1183,-2.1181,0.8319,0.0739,0.2900,1.0000,6.192972972972973,1.0000,0.0000,5.0000,0.0100
0.1400,0.0000,0.0090,0.1863,0.0000,0.2558,0.2576,-0.1412,-2.2946,0.8317,0.0739,0.2900,1.0000,6.709054054054054,1.0000,0.0000,5.0000,0.0100
0.1500,0.0000,0.0112,0.2156,0.0000,0.2541,0.2553,-0.1659,-2.4711,0.8316,0.0739,0.2900,1.0000,7.225135135135135,1.0000,0.0000,5.0000,0.0100
0.1600,0.0000,0.0137,0.2468,0.0000,0.2522,0.2525,-0.1924,-2.6518,0.8314,0.0739,0.2900,1.0000,7.753375,1.0000,0.0000,5.0000,0.0100
0.1700,0.0000,0.0165,0.2802,0.0000,0.2500,0.2508,-0.2209,-2.8491,0.8312,0.0739,0.2900,1.0000,8.33025,1.0000,0.0000,5.0000,0.0100
0.1800,0.0000,0.0196,0.3156,0.0031,0.2475,0.2481,-0.2514,-3.0464,0.8310,0.0739,0.2900,1.0000,8.907125,1.0000,0.0000,5.0000,0.0100
0.1900,0.0002,0.0231,0.3531,0.0128,0.2447,0.2438,-0.2838,-3.2437,0.8309,0.0739,0.2900,1.0000,9.484000000000002,1.0000,0.0000,5.0000,0.0100
0.2000,0.0005,0.0271,0.3926,0.0293,0.2415,0.2432,-0.3182,-3.4410,0.8307,0.0739,0.2900,1.0000,10.060875000000001,1.0000,0.0000,5.0000,0.0100
0.2100,0.0010,0.0314,0.4339,0.0524,0.2379,0.2385,-0.3546,-3.6383,0.8305,0.0739,0.2900,1.0000,10.637750000000002,1.0000,0.0000,5.0000,0.0100
0.2200,0.0018,0.0362,0.4771,0.0823,0.2340,0.2329,-0.3930,-3.8356,0.8303,0.0739,0.2900,1.0000,11.214625000000002,1.0000,0.0001,5.0000,0.0100
0.2300,0.0030,0.0414,0.5219,0.1190,0.2297,0.2297,-0.4333,-4.0329,0.8302,0.0739,0.2900,1.0000,11.791500000000003,1.0000,0.0001,5.0000,0.0100
0.2400,0.0046,0.0471,0.5684,0.1627,0.2249,0.2241,-0.4756,-4.2336,0.8300,0.0739,0.2900,1.0000,12.378393939393943,1.0000,0.0002,5.0000,0.0100
0.2500,0.0068,0.0532,0.6165,0.2138,0.2197,0.2195,-0.5201,-4.4481,0.8298,0.0739,0.2900,1.0000,13.00536363636364,1.0000,0.0003,5.0000,0.0100
0.2600,0.0095,0.0599,0.6661,0.2723,0.2140,0.2144,-0.5667,-4.6625,0.8297,0.0739,0.2900,1.0000,13.632333333333337,1.0000,0.0004,5.0000,0.0100
0.2700,0.0129,0.0671,0.7171,0.3384,0.2079,0.2077,-0.6155,-4.8769,0.8295,0.0739,0.2900,1.0000,14.259303030303034,1.0000,0.0006,5.0000,0.0100
0.2800,0.0170,0.0748,0.7693,0.4121,0.2012,0.2015,-0.6664,-5.0914,0.8293,0.0739,0.2900,1.0000,14.88627272727273,1.0000,0.0009,5.0000,0.0100
0.2900,0.0219,0.0830,0.8225,0.4934,0.1940,0.1925,-0.7195,-5.3058,0.8291,0.0739,0.2900,1.0000,15.513242424242428,1.0000,0.0012,5.0000,0.0100
0.3000,0.0277,0.0918,0.8765,0.5825,0.1863,0.1849,-0.7747,-5.5203,0.8290,0.0739,0.2900,1.0000,16.140212121212127,1.0000,0.0015,5.0000,0.0100
0.3100,0.0345,0.1011,0.9312,0.6793,0.1780,0.1773,-0.8321,-5.7389,0.8288,0.0739,0.2900,1.0000,16.77937288135594,1.0000,0.0020,5.0000,0.0100
0.3200,0.0424,0.1109,0.9863,0.7843,0.1690,0.1680,-0.8917,-5.9602,0.8286,0.0739,0.2900,1.0000,17.42666101694916,1.0000,0.0025,5.0000,0.0100
0.3300,0.0514,0.1214,1.0416,0.8973,0.1595,0.1561,-0.9535,-6.1816,0.8284,0.0739,0.2900,1.0000,18.07394915254238,1.0000,0.0032,5.0000,0.0100
0.3400,0.0615,0.1323,1.0967,1.0184,0.1493,0.1490,-1.0175,-6.4030,0.8283,0.0739,0.2900,1.0000,18.7212372881356,1.0000,0.0039,5.0000,0.0100
0.3500,0.0730,0.1438,1.1515,1.1478,0.1385,0.1401,-1.0838,-6.6244,0.8281,0.0739,0.2900,1.0000,19.368525423728823,1.0000,0.0049,5.0000,0.0100
0.3600,0.0859,0.1559,1.2055,1.2854,0.1270,0.1247,-1.1522,-6.8458,0.8279,0.0739,0.2900,1.0000,20.015813559322044,1.0000,0.0060,5.0000,0.0100
0.3700,0.1002,0.1685,1.2589,1.4333,0.1147,0.1168,-1.2235,-7.1224,0.8277,0.0739,0.2900,1.0000,20.824551724137947,1.0000,0.0072,5.0000,0.0100
0.3800,0.1161,0.1816,1.3114,1.5923,0.1018,0.1071,-1.2977,-7.4227,0.8276,0.0739,0.2900,1.0000,21.702482758620704,1.0000,0.0087,5.0000,0.0100
0.3900,0.1338,0.1951,1.3527,1.7641,0.0883,0.0906,-1.3423,-4.4592,0.8274,0.0739,0.2900,1.0000,22.580413793103464,1.0000,0.0105,2.8845,0.0100
0.4000,0.1532,0.2091,1.4018,1.9435,0.0741,0.0770,-1.4220,-7.9681,0.8272,0.0739,0.2900,1.0000,23.297405405405417,1.0000,0.0125,5.0000,0.0100
0.4100,0.1745,0.2236,1.4449,2.1322,0.0592,0.0567,-1.4930,-7.1047,0.8270,0.0739,0.2900,1.0000,23.974162162162177,1.0000,0.0149,4.3309,0.0100
0.4200,0.1978,0.2382,1.4589,2.3321,0.0444,0.0440,-1.4817,1.1296,0.8269,0.0739,0.2900,1.0000,24.650918918918933,1.0000,0.0176,-0.6691,0.0100
0.4300,0.2232,0.2531,1.4952,2.5372,0.0288,0.0284,-1.5565,-7.4745,0.8267,0.0739,0.2900,1.0000,25.22231034482758,1.0000,0.0205,4.3309,0.0100
0.4400,0.2506,0.2682,1.5100,2.7397,0.0130,0.0122,-1.5767,-2.0294,0.8265,0.0739,0.2900,1.0000,24.84541379310344,1.0000,0.0239,1.1927,0.0100
0.4500,0.2800,0.2832,1.4940,2.9376,-0.0021,-0.0014,-1.5130,6.3759,0.8263,0.0739,0.2900,1.0000,24.468517241379303,1.0000,0.0274,-3.8073,0.0100
0.4600,0.3113,0.2979,1.4768,3.1310,-0.0167,-0.0195,-1.4597,5.3275,0.8262,0.0739,0.2900,1.0000,24.091620689655166,1.0000,0.0310,-3.2304,0.0100
0.4700,0.3445,0.3124,1.4468,3.3190,-0.0305,-0.0309,-1.3786,8.1109,0.8260,0.0739,0.2900,1.0000,23.714724137931025,1.0000,0.0347,-5.0000,0.0100
0.4800,0.3795,0.3266,1.4171,3.5024,-0.0436,-0.0433,-1.3108,6.7780,0.8258,0.0739,0.2900,1.0000,23.33782758620689,1.0000,0.0384,-4.2443,0.0100
0.4900,0.4163,0.3404,1.3806,3.6801,-0.0559,-0.0569,-1.2324,7.8385,0.8257,0.0739,0.2900,1.0000,22.91848837209301,1.0000,0.0423,-5.0000,0.0100
0.5000,0.4548,0.3538,1.3417,3.8511,-0.0675,-0.0683,-1.1558,7.6613,0.8255,0.0739,0.2900,1.0000,22.400116279069753,1.0000,0.0463,-5.0000,0.0100
0.5100,0.4950,0.3668,1.3006,4.0156,-0.0783,-0.0803,-1.0810,7.4840,0.8253,0.0739,0.2900,1.0000,21.8817441860465,1.0000,0.0502,-5.0000,0.0100
0.5200,0.5367,0.3794,1.2578,4.1736,-0.0884,-0.0894,-1.0079,7.3067,0.8251,0.0739,0.2900,1.0000,21.363372093023244,1.0000,0.0542,-5.0000,0.0100
0.5300,0.5800,0.3915,1.2134,4.3250,-0.0977,-0.1001,-0.9366,7.1294,0.8250,0.0739,0.2900,1.0000,20.84499999999999,1.0000,0.0582,-5.0000,0.0100
0.5400,0.6247,0.4032,1.1672,4.4733,-0.1064,-0.1100,-0.8662,7.0473,0.8248,0.0739,0.2900,1.0000,20.604999999999993,1.0000,0.0621,-5.0000,0.0100
0.5500,0.6709,0.4144,1.1195,4.6184,-0.1144,-0.1137,-0.7965,6.9652,0.8246,0.0739,0.2900,1.0000,20.364999999999995,1.0000,0.0661,-5.0000,0.0100
0.5600,0.7185,0.4251,1.0704,4.7603,-0.1216,-0.1220,-0.7277,6.8831,0.8244,0.0739,0.2900,1.0000,20.124999999999993,1.0000,0.0702,-5.0000,0.0100
0.5700,0.7675,0.4353,1.0202,4.8992,-0.1282,-0.1307,-0.6597,6.8010,0.8243,0.0739,0.2900,1.0000,19.88499999999999,1.0000,0.0743,-5.0000,0.0100
0.5800,0.8178,0.4450,0.9690,5.0349,-0.1341,-0.1328,-0.5925,6.7190,0.8241,0.0739,0.2900,1.0000,19.644999999999992,1.0000,0.0784,-5.0000,0.0100
0.5900,0.8695,0.4541,0.9171,5.1676,-0.1394,-0.1424,-0.5261,6.6369,0.8239,0.0739,0.2900,1.0000,19.404999999999994,1.0000,0.0826,-5.0000,0.0100
0.6000,0.9225,0.4628,0.8646,5.2973,-0.1440,-0.1429,-0.4606,6.5548,0.8237,0.0739,0.2900,1.0000,19.164999999999992,1.0000,0.0868,-5.0000,0.0100
0.6100,0.9767,0.4709,0.8116,5.4246,-0.1480,-0.1490,-0.3957,6.4900,0.8236,0.0739,0.2900,1.0000,18.975621052631574,1.0000,0.0909,-5.0000,0.0100
0.6200,1.0322,0.4785,0.7582,5.5498,-0.1513,-0.1499,-0.3313,6.4327,0.8234,0.0739,0.2900,1.0000,18.807936842105256,1.0000,0.0952,-5.0000,0.0100
0.6300,1.0890,0.4855,0.7045,5.6730,-0.1540,-0.1547,-0.2676,6.3753,0.8232,0.0739,0.2900,1.0000,18.640252631578942,1.0000,0.0994,-5.0000,0.0100
0.6400,1.1469,0.4920,0.6508,5.7941,-0.1560,-0.1570,-0.2044,6.3180,0.8230,0.0739,0.2900,1.0000,18.472568421052625,1.0000,0.1037,-5.0000,0.0100
0.6500,1.2060,0.4980,0.5970,5.9133,-0.1574,-0.1560,-0.1418,6.2606,0.8229,0.0739,0.2900,1.0000,18.30488421052631,1.0000,0.1081,-5.0000,0.0100
0.6600,1.2663,0.5035,0.5435,6.0305,-0.1582,-0.1585,-0.0798,6.2033,0.8227,0.0739,0.2900,1.0000,18.137199999999993,1.0000,0.1124,-5.0000,0.0100
0.6700,1.3278,0.5084,0.4903,6.1458,-0.1584,-0.1586,-0.0183,6.1459,0.8225,0.0739,0.2900,1.0000,17.96951578947368,1.0000,0.1168,-5.0000,0.0100
0.6800,1.3904,0.5127,0.4375,6.2591,-0.1580,-0.1566,0.0426,6.0886,0.8223,0.0739,0.2900,1.0000,17.80183157894736,1.0000,0.1212,-5.0000,0.0100
0.6900,1.4541,0.5166,0.3853,6.3707,-0.1569,-0.1571,0.1029,6.0312,0.8222,0.0739,0.2900,1.0000,17.634147368421047,1.0000,0.1256,-5.0000,0.0100
0.7000,1.5189,0.5199,0.3338,6.4806,-0.1553,-0.1555,0.1627,5.9801,0.8220,0.0739,0.2900,1.0000,17.484730538922154,1.0000,0.1301,-5.0000,0.0100
0.7100,1.5848,0.5227,0.2828,6.5898,-0.1531,-0.1551,0.2222,5.9540,0.8218,0.0739,0.2900,1.0000,17.40838323353293,1.0000,0.1345,-5.0000,0.0100
0.7200,1.6518,0.5251,0.2325,6.6983,-0.1503,-0.1510,0.2815,5.9279,0.8217,0.0739,0.2900,1.0000,17.33203592814371,1.0000,0.1390,-5.0000,0.0100
0.7300,1.7198,0.5269,0.1830,6.8061,-0.1469,-0.1459,0.3405,5.9018,0.8215,0.0739,0.2900,1.0000,17.255688622754487,1.0000,0.1436,-5.0000,0.0100
0.7400,1.7890,0.5282,0.1345,6.9133,-0.1429,-0.1454,0.3993,5.8757,0.8213,0.0739,0.2900,1.0000,17.179341317365267,1.0000,0.1482,-5.0000,0.0100
0.7500,1.8592,0.5291,0.0869,7.0199,-0.1383,-0.1388,0.4578,5.8495,0.8211,0.0739,0.2900,1.0000,17.102994011976044,1.0000,0.1529,-5.0000,0.0100
0.7600,1.9304,0.5295,0.0405,7.1259,-0.1331,-0.1314,0.5160,5.8234,0.8210,0.0739,0.2900,1.0000,17.026646706586824,1.0000,0.1576,-5.0000,0.0100
0.7700,2.0027,0.5295,-0.0047,7.2313,-0.1274,-0.1246,0.5740,5.7973,0.8208,0.0739,0.2900,1.0000,16.9502994011976,1.0000,0.1624,-5.0000,0.0100
0.7800,2.0761,0.5290,-0.0485,7.3362,-0.1211,-0.1217,0.6317,5.7712,0.8206,0.0739,0.2900,1.0000,16.87395209580838,1.0000,0.1673,-5.0000,0.0100
0.7900,2.1505,0.5281,-0.0908,7.4406,-0.1142,-0.1117,0.6892,5.7451,0.8204,0.0739,0.2900,1.0000,16.797604790419157,1.0000,0.1722,-5.0000,0.0100
0.8000,2.2259,0.5268,-0.1316,7.5444,-0.1067,-0.1096,0.7464,5.7190,0.8203,0.0739,0.2900,1.0000,16.721257485029938,1.0000,0.1771,-5.0000,0.0100
0.8100,2.3024,0.5251,-0.1643,7.6488,-0.0989,-0.1036,0.7825,3.6178,0.8201,0.0739,0.2900,1.0000,16.644910179640714,1.0000,0.1821,-3.1751,0.0100
0.8200,2.3800,0.5232,-0.1955,7.7527,-0.0907,-0.0901,0.8191,3.6540,0.8199,0.0739,0.2900,1.0000,16.568562874251494,1.0000,0.1872,-3.2217,0.0100
0.8300,2.4585,0.5209,-0.2256,7.8559,-0.0821,-0.0808,0.8577,3.8587,0.8197,0.0739,0.2900,1.0000,16.49221556886227,1.0000,0.1923,-3.4181,0.0100
0.8400,2.5381,0.5183,-0.2593,7.9577,-0.0730,-0.0727,0.9138,5.6145,0.8196,0.0739,0.2900,1.0000,16.41586826347305,1.0000,0.1975,-5.0000,0.0100
0.8500,2.6187,0.5156,-0.2737,8.0610,-0.0639,-0.0637,0.9138,-0.0000,0.8194,0.0739,0.2900,1.0000,16.33952095808383,1.0000,0.2027,0.0000,0.0100
0.8600,2.7003,0.5125,-0.3035,8.1617,-0.0542,-0.0540,0.9694,5.5623,0.8192,0.0739,0.2900,1.0000,16.263173652694608,1.0000,0.2080,-5.0000,0.0100
0.8700,2.7830,0.5093,-0.3204,8.2633,-0.0443,-0.0449,0.9895,2.0060,0.8190,0.0739,0.2900,1.0000,16.20307692307692,1.0000,0.2132,-1.8079,0.0100
0.8800,2.8666,0.5062,-0.3180,8.3653,-0.0347,-0.0375,0.9542,-3.5311,0.8189,0.0739,0.2900,1.0000,16.159230769230767,1.0000,0.2186,3.1921,0.0100
0.8900,2.9513,0.5029,-0.3215,8.4667,-0.0253,-0.0227,0.9436,-1.0573,0.8187,0.0739,0.2900,1.0000,16.115384615384613,1.0000,0.2240,0.9579,0.0100
0.9000,3.0370,0.4997,-0.3217,8.5678,-0.0160,-0.0154,0.9287,-1.4903,0.8185,0.0739,0.2900,1.0000,16.07153846153846,1.0000,0.2295,1.3540,0.0100
0.9100,3.1236,0.4966,-0.3150,8.6684,-0.0070,-0.0052,0.8975,-3.1174,0.8183,0.0739,0.2900,1.0000,16.027692307692305,1.0000,0.2350,2.8410,0.0100
0.9200,3.2113,0.4936,-0.3023,8.7682,0.0015,0.0017,0.8527,-4.4831,0.8182,0.0739,0.2900,1.0000,15.983846153846152,1.0000,0.2405,4.0986,0.0100
0.9300,3.3000,0.4907,-0.2879,8.8675,0.0096,0.0076,0.8078,-4.4924,0.8180,0.0739,0.2900,1.0000,15.939999999999998,1.0000,0.2461,4.1184,0.0100
0.9400,3.3897,0.4879,-0.2756,8.9665,0.0173,0.0165,0.7746,-3.3156,0.8178,0.0739,0.2900,1.0000,15.896153846153844,1.0000,0.2516,3.0468,0.0100
0.9500,3.4803,0.4854,-0.2553,9.0644,0.0245,0.0241,0.7204,-5.4218,0.8177,0.0739,0.2900,1.0000,15.85230769230769,1.0000,0.2573,5.0000,0.0100
0.9600,3.5719,0.4830,-0.2382,9.1622,0.0313,0.0318,0.6811,-3.9269,0.8175,0.0739,0.2900,1.0000,15.808461538461536,1.0000,0.2629,3.6293,0.0100
0.9700,3.6645,0.4808,-0.2153,9.2589,0.0376,0.0421,0.6272,-5.3918,0.8173,0.0739,0.2900,1.0000,15.764615384615382,1.0000,0.2686,5.0000,0.0100
0.9800,3.7581,0.4789,-0.1913,9.3551,0.0433,0.0421,0.5734,-5.3768,0.8171,0.0739,0.2900,1.0000,15.720769230769228,1.0000,0.2743,5.0000,0.0100
0.9900,3.8526,0.4773,-0.1662,9.4507,0.0485,0.0499,0.5198,-5.3618,0.8170,0.0739,0.2900,1.0000,15.676923076923075,1.0000,0.2800,5.0000,0.0100
1.0000,3.9480,0.4759,-0.1402,9.5458,0.0532,0.0533,0.4664,-5.3468,0.8168,0.0739,0.2900,1.0000,15.63307692307692,1.0000,0.2857,5.0000,0.0100
1.0100,4.0444,0.4747,-0.1135,9.6403,0.0573,0.0596,0.4130,-5.3318,0.8166,0.0739,0.2900,1.0000,15.589230769230767,1.0000,0.2915,5.0000,0.0100
1.0200,4.1418,0.4739,-0.0860,9.7343,0.0609,0.0634,0.3599,-5.3168,0.8164,0.0739,0.2900,1.0000,15.545384615384613,1.0000,0.2973,5.0000,0.0100
1.0300,4.2401,0.4733,-0.0579,9.8278,0.0640,0.0633,0.3069,-5.3018,0.8163,0.0739,0.2900,1.0000,15.501538461538457,1.0000,0.3031,5.0000,0.0100
1.0400,4.3393,0.4729,-0.0393,9.9220,0.0669,0.0632,0.2859,-2.0916,0.8161,0.0739,0.2900,1.0000,15.457692307692303,1.0000,0.3089,1.9760,0.0100
1.0500,4.4394,0.4728,-0.0102,10.0145,0.0692,0.0706,0.2332,-5.2734,0.8159,0.0739,0.2900,1.0000,15.418446428571427,1.0000,0.3149,5.0000,0.0100
1.0600,4.5405,0.4730,0.0192,10.1067,0.0710,0.0718,0.1806,-5.2636,0.8157,0.0739,0.2900,1.0000,15.38993452380952,1.0000,0.3208,5.0000,0.0100
1.0700,4.6425,0.4735,0.0488,10.1987,0.0723,0.0741,0.1280,-5.2539,0.8156,0.0739,0.2900,1.0000,15.361422619047616,1.0000,0.3267,5.0000,0.0100
1.0800,4.7454,0.4743,0.0787,10.2903,0.0730,0.0727,0.0756,-5.2441,0.8154,0.0739,0.2900,1.0000,15.332910714285712,1.0000,0.3327,5.0000,0.0100
1.0900,4.8492,0.4753,0.1076,10.3819,0.0733,0.0715,0.0264,-4.9204,0.8152,0.0739,0.2900,1.0000,15.304398809523807,1.0000,0.3387,4.6993,0.0100
1.1000,4.9539,0.4767,0.1376,10.4731,0.0730,0.0739,-0.0259,-5.2246,0.8150,0.0739,0.2900,1.0000,15.275886904761903,1.0000,0.3448,5.0000,0.0100
1.1100,5.0596,0.4784,0.1674,10.5641,0.0723,0.0732,-0.0780,-5.2149,0.8149,0.0739,0.2900,1.0000,15.247374999999998,1.0000,0.3509,5.0000,0.0100
1.1200,5.1661,0.4804,0.1970,10.6548,0.0710,0.0704,-0.1301,-5.2051,0.8147,0.0739,0.2900,1.0000,15.218863095238094,1.0000,0.3570,5.0000,0.0100
1.1300,5.2736,0.4826,0.2263,10.7454,0.0691,0.0720,-0.1820,-5.1954,0.8145,0.0739,0.2900,1.0000,15.190351190476187,1.0000,0.3632,5.0000,0.0100
1.1400,5.3819,0.4851,0.2531,10.8361,0.0669,0.0680,-0.2270,-4.4975,0.8143,0.0739,0.2900,1.0000,15.161839285714283,1.0000,0.3694,4.3352,0.0100
1.1500,5.4912,0.4880,0.2815,10.9263,0.0641,0.0632,-0.2788,-5.1759,0.8142,0.0739,0.2900,1.0000,15.133327380952379,1.0000,0.3757,5.0000,0.0100
1.1600,5.6014,0.4911,0.3093,11.0163,0.0608,0.0591,-0.3304,-5.1661,0.8140,0.0739,0.2900,1.0000,15.104815476190474,1.0000,0.3820,5.0000,0.0100
1.1700,5.7124,0.4944,0.3365,11.1063,0.0570,0.0589,-0.3820,-5.1564,0.8138,0.0739,0.2900,1.0000,15.07630357142857,1.0000,0.3883,5.0000,0.0100
1.1800,5.8244,0.4980,0.3581,11.1967,0.0528,0.0529,-0.4179,-3.5916,0.8137,0.0739,0.2900,1.0000,15.047791666666665,1.0000,0.3947,3.4870,0.0100
1.1900,5.9373,0.5018,0.3837,11.2864,0.0481,0.0466,-0.4693,-5.1369,0.8135,0.0739,0.2900,1.0000,15.01927976190476,1.0000,0.4012,5.0000,0.0100
1.2000,6.0510,0.5058,0.3977,11.3771,0.0432,0.0432,-0.4861,-1.6867,0.8133,0.0739,0.2900,1.0000,14.990767857142854,1.0000,0.4077,1.6430,0.0100
1.2100,6.1657,0.5099,0.4109,11.4677,0.0382,0.0371,-0.5034,-1.7279,0.8131,0.0739,0.2900,1.0000,14.96225595238095,1.0000,0.4143,1.6864,0.0100
1.2200,6.2813,0.5142,0.4242,11.5581,0.0329,0.0330,-0.5242,-2.0790,0.8130,0.0739,0.2900,1.0000,14.940637614678899,1.0000,0.4209,2.0321,0.0100
1.2300,6.3978,0.5186,0.4460,11.6476,0.0272,0.0268,-0.5752,-5.1049,0.8128,0.0739,0.2900,1.0000,14.925912844036697,1.0000,0.4276,5.0000,0.0100
1.2400,6.5151,0.5231,0.4508,11.7383,0.0214,0.0230,-0.5752,0.0000,0.8126,0.0739,0.2900,1.0000,14.911188073394495,1.0000,0.4343,-0.0000,0.0100
1.2500,6.6334,0.5277,0.4524,11.8290,0.0158,0.0141,-0.5685,0.6725,0.8124,0.0739,0.2900,1.0000,14.896463302752293,1.0000,0.4411,-0.6592,0.0100
1.2600,6.7526,0.5323,0.4612,11.9194,0.0099,0.0068,-0.5879,-1.9356,0.8123,0.0739,0.2900,1.0000,14.881738532110091,1.0000,0.4479,1.8993,0.0100
1.2700,6.8727,0.5368,0.4574,12.0100,0.0042,0.0020,-0.5709,1.6992,0.8121,0.0739,0.2900,1.0000,14.86701376146789,1.0000,0.4548,-1.6689,0.0100
1.2800,6.9937,0.5414,0.4600,12.1005,-0.0016,-0.0056,-0.5773,-0.6366,0.8119,0.0739,0.2900,1.0000,14.852288990825688,1.0000,0.4617,0.6258,0.0100
1.2900,7.1156,0.5460,0.4515,12.1909,-0.0071,-0.0061,-0.5517,2.5524,0.8117,0.0739,0.2900,1.0000,14.837564220183486,1.0000,0.4687,-2.5124,0.0100
1.3000,7.2385,0.5505,0.4505,12.2813,-0.0127,-0.0135,-0.5536,-0.1849,0.8116,0.0739,0.2900,1.0000,14.822839449541284,1.0000,0.4757,0.1821,0.0100
1.3100,7.3622,0.5548,0.4327,12.3708,-0.0177,-0.0187,-0.5048,4.8806,0.8114,0.0739,0.2900,1.0000,14.808114678899083,1.0000,0.4828,-4.8179,0.0100
1.3200,7.4868,0.5590,0.4160,12.4604,-0.0223,-0.0228,-0.4626,4.2186,0.8112,0.0739,0.2900,1.0000,14.79338990825688,1.0000,0.4898,-4.1673,0.0100
1.3300,7.6123,0.5630,0.4037,12.5503,-0.0267,-0.0283,-0.4370,2.5627,0.8110,0.0739,0.2900,1.0000,14.778665137614679,1.0000,0.4969,-2.5326,0.0100
1.3400,7.7387,0.5668,0.3828,12.6393,-0.0306,-0.0311,-0.3865,5.0495,0.8109,0.0739,0.2900,1.0000,14.763940366972477,1.0000,0.5041,-5.0000,0.0100
1.3500,7.8660,0.5706,0.3770,12.7294,-0.0344,-0.0332,-0.3865,-0.0000,0.8107,0.0739,0.2900,1.0000,14.749215596330274,1.0000,0.5112,0.0000,0.0100
1.3600,7.9941,0.5741,0.3547,12.8182,-0.0378,-0.0357,-0.3361,5.0395,0.8105,0.0739,0.2900,1.0000,14.734490825688072,1.0000,0.5185,-5.0000,0.0100
1.3700,8.1232,0.5775,0.3340,12.9071,-0.0407,-0.0438,-0.2924,4.3643,0.8103,0.0739,0.2900,1.0000,14.71976605504587,1.0000,0.5258,-4.3331,0.0100
1.3800,8.2532,0.5806,0.3129,12.9959,-0.0432,-0.0444,-0.2493,4.3166,0.8102,0.0739,0.2900,1.0000,14.705041284403668,1.0000,0.5330,-4.2899,0.0100
1.3900,8.3840,0.5835,0.2891,13.0843,-0.0452,-0.0433,-0.1990,5.0244,0.8100,0.0739,0.2900,1.0000,14.690316513761466,1.0000,0.5404,-5.0000,0.0100
1.4000,8.5157,0.5862,0.2699,13.1732,-0.0468,-0.0446,-0.1643,3.4766,0.8098,0.0739,0.2900,1.0000,14.675591743119265,1.0000,0.5477,-3.4609,0.0100
1.4100,8.6484,0.5887,0.2501,13.2620,-0.0481,-0.0493,-0.1288,3.5454,0.8097,0.0739,0.2900,1.0000,14.660866972477063,1.0000,0.5552,-3.5331,0.0100
1.4200,8.7819,0.5910,0.2280,13.3505,-0.0490,-0.0498,-0.0863,4.2455,0.8095,0.0739,0.2900,1.0000,14.646142201834861,1.0000,0.5627,-4.2361,0.0100
1.4300,8.9163,0.5930,0.2033,13.4386,-0.0494,-0.0498,-0.0363,5.0042,0.8093,0.0739,0.2900,1.0000,14.63141743119266,1.0000,0.5702,-5.0000,0.0100
1.4400,9.0516,0.5949,0.1875,13.5311,-0.0495,-0.0490,-0.0152,2.1117,0.8091,0.0739,0.2900,1.0000,14.895896551724178,1.0000,0.5777,-2.0703,0.0100
1.4500,9.1879,0.5966,0.1721,13.6285,-0.0495,-0.0486,0.0038,1.8970,0.8090,0.0739,0.2900,1.0000,15.280034482758662,1.0000,0.5857,-1.8129,0.0100
1.4600,9.3252,0.5981,0.1475,13.7299,-0.0490,-0.0488,0.0513,4.7510,0.8088,0.0739,0.2900,1.0000,15.664172413793146,1.0000,0.5942,-4.4328,0.0100
1.4700,9.4635,0.5993,0.1212,13.8304,-0.0479,-0.0475,0.1046,5.3324,0.8086,0.0739,0.2900,1.0000,15.591039215686253,1.0000,0.6030,-5.0000,0.0100
1.4800,9.6027,0.6003,0.1017,13.9294,-0.0465,-0.0505,0.1376,3.2944,0.8084,0.0739,0.2900,1.0000,15.403588235294096,1.0000,0.6119,-3.1242,0.0100
1.4900,9.7430,0.6011,0.0812,14.0262,-0.0448,-0.0434,0.1747,3.7150,0.8083,0.0739,0.2900,1.0000,15.21613725490194,1.0000,0.6206,-3.5670,0.0100
1.5000,9.8842,0.6018,0.0639,14.1211,-0.0428,-0.0452,0.2030,2.8286,0.8081,0.0739,0.2900,1.0000,15.02868627450978,1.0000,0.6293,-2.7491,0.0100
1.5100,10.0264,0.6022,0.0455,14.2137,-0.0404,-0.0409,0.2363,3.3337,0.8079,0.0739,0.2900,1.0000,14.841235294117624,1.0000,0.6378,-3.2814,0.0100
1.5200,10.1694,0.6025,0.0254,14.3055,-0.0376,-0.0384,0.2766,4.0283,0.8077,0.0739,0.2900,1.0000,14.780133047210299,1.0000,0.6462,-3.9826,0.0100
1.5300,10.3134,0.6026,0.0115,14.3979,-0.0346,-0.0359,0.2990,2.2382,0.8076,0.0739,0.2900,1.0000,14.77318025751073,1.0000,0.6546,-2.2126,0.0100
1.5400,10.4583,0.6025,-0.0108,14.4896,-0.0311,-0.0353,0.3495,5.0503,0.8074,0.0739,0.2900,1.0000,14.766227467811158,1.0000,0.6631,-5.0000,0.0100
1.5500,10.6041,0.6023,-0.0165,14.5826,-0.0277,-0.0277,0.3495,-0.0000,0.8072,0.0739,0.2900,1.0000,14.759274678111588,1.0000,0.6715,0.0000,0.0100
1.5600,10.7509,0.6019,-0.0374,14.6745,-0.0237,-0.0223,0.4000,5.0456,0.8070,0.0739,0.2900,1.0000,14.752321888412016,1.0000,0.6802,-5.0000,0.0100
1.5700,10.8985,0.6015,-0.0417,14.7677,-0.0197,-0.0180,0.4000,-0.0000,0.8069,0.0739,0.2900,1.0000,14.745369098712445,1.0000,0.6888,0.0000,0.0100
1.5800,11.0471,0.6010,-0.0497,14.8608,-0.0155,-0.0127,0.4138,1.3812,0.8067,0.0739,0.2900,1.0000,14.738416309012875,1.0000,0.6976,-1.3684,0.0100
1.5900,11.1967,0.6005,-0.0547,14.9541,-0.0113,-0.0126,0.4209,0.7145,0.8065,0.0739,0.2900,1.0000,14.731463519313303,1.0000,0.7064,-0.7082,0.0100
1.6000,11.3472,0.5998,-0.0656,15.0472,-0.0068,-0.0083,0.4488,2.7917,0.8063,0.0739,0.2900,1.0000,14.724510729613733,1.0000,0.7153,-2.7692,0.0100
1.6100,11.4986,0.5992,-0.0597,15.1406,-0.0026,-0.0024,0.4264,-2.2481,0.8062,0.0739,0.2900,1.0000,14.717557939914162,1.0000,0.7242,2.2308,0.0100
1.6200,11.6509,0.5987,-0.0535,15.2340,0.0015,0.0014,0.4055,-2.0827,0.8060,0.0739,0.2900,1.0000,14.710605150214592,1.0000,0.7332,2.0676,0.0100
1.6300,11.8042,0.5982,-0.0468,15.3275,0.0054,0.0076,0.3853,-2.0277,0.8058,0.0739,0.2900,1.0000,14.70365236051502,1.0000,0.7423,2.0139,0.0100
1.6400,11.9584,0.5979,-0.0349,15.4208,0.0089,0.0090,0.3509,-3.4309,0.8057,0.0739,0.2900,1.0000,14.696699570815449,1.0000,0.7515,3.4105,0.0100
1.6500,12.1135,0.5975,-0.0384,15.5145,0.0125,0.0152,0.3669,1.5990,0.8055,0.0739,0.2900,1.0000,14.689746781115879,1.0000,0.7606,-1.5895,0.0100
1.6600,12.2696,0.5972,-0.0252,15.6079,0.0159,0.0163,0.3327,-3.4277,0.8053,0.0739,0.2900,1.0000,14.682793991416307,1.0000,0.7699,3.4105,0.0100
1.6700,12.4266,0.5972,-0.0073,15.7009,0.0187,0.0154,0.2852,-4.7424,0.8051,0.0739,0.2900,1.0000,14.675841201716738,1.0000,0.7792,4.7234,0.0100
1.6800,12.5846,0.5972,0.0048,15.7944,0.0213,0.0209,0.2578,-2.7449,0.8050,0.0739,0.2900,1.0000,14.668888412017166,1.0000,0.7885,2.7331,0.0100
1.6900,12.7434,0.5975,0.0245,15.8874,0.0234,0.0214,0.2076,-5.0147,0.8048,0.0739,0.2900,1.0000,14.661935622317595,1.0000,0.7979,5.0000,0.0100
1.7000,12.9033,0.5978,0.0317,15.9814,0.0254,0.0253,0.1984,-0.9191,0.8046,0.0739,0.2900,1.0000,14.654982832618025,1.0000,0.8074,0.9157,0.0100
1.7100,13.0640,0.5983,0.0521,16.0744,0.0268,0.0231,0.1483,-5.0099,0.8044,0.0739,0.2900,1.0000,14.648030042918453,1.0000,0.8169,5.0000,0.0100
1.7200,13.2257,0.5989,0.0608,16.1684,0.0282,0.0298,0.1363,-1.2047,0.8043,0.0739,0.2900,1.0000,14.641077253218883,1.0000,0.8265,1.2015,0.0100
1.7300,13.3883,0.5996,0.0666,16.2627,0.0295,0.0269,0.1341,-0.2205,0.8041,0.0739,0.2900,1.0000,14.634124463519312,1.0000,0.8362,0.2200,0.0100
1.7400,13.5519,0.6004,0.0877,16.3558,0.0304,0.0294,0.0841,-5.0028,0.8039,0.0739,0.2900,1.0000,14.62717167381974,1.0000,0.8460,5.0000,0.0100
1.7500,13.7164,0.6014,0.0969,16.4500,0.0311,0.0301,0.0725,-1.1572,0.8037,0.0739,0.2900,1.0000,14.61715525114155,1.0000,0.8557,1.1560,0.0100
1.7600,13.8818,0.6026,0.1183,16.5432,0.0313,0.0310,0.0225,-4.9943,0.8036,0.0739,0.2900,1.0000,14.602543378995431,1.0000,0.8656,5.0000,0.0100
1.7700,14.0482,0.6038,0.1239,16.6375,0.0316,0.0359,0.0225,0.0000,0.8034,0.0739,0.2900,1.0000,14.587931506849312,1.0000,0.8754,-0.0000,0.0100
1.7800,14.2155,0.6053,0.1453,16.7306,0.0313,0.0297,-0.0273,-4.9843,0.8032,0.0739,0.2900,1.0000,14.573319634703195,1.0000,0.8854,5.0000,0.0100
1.7900,14.3837,0.6068,0.1509,16.8249,0.0310,0.0325,-0.0273,0.0000,0.8030,0.0739,0.2900,1.0000,14.558707762557075,1.0000,0.8954,-0.0000,0.0100
1.8000,14.5529,0.6085,0.1722,16.9180,0.0302,0.0299,-0.0770,-4.9743,0.8029,0.0739,0.2900,1.0000,14.544095890410956,1.0000,0.9055,5.0000,0.0100
1.8100,14.7230,0.6104,0.1859,17.0118,0.0292,0.0307,-0.1034,-2.6349,0.8027,0.0739,0.2900,1.0000,14.529484018264839,1.0000,0.9156,2.6487,0.0100
1.8200,14.8941,0.6124,0.2018,17.1055,0.0278,0.0271,-0.1375,-3.4125,0.8025,0.0739,0.2900,1.0000,14.51487214611872,1.0000,0.9257,3.4347,0.0100
1.8300,15.0661,0.6146,0.2225,17.1986,0.0260,0.0241,-0.1871,-4.9594,0.8023,0.0739,0.2900,1.0000,14.5002602739726,1.0000,0.9360,5.0000,0.0100
1.8400,15.2390,0.6169,0.2270,17.2928,0.0241,0.0242,-0.1871,0.0000,0.8022,0.0739,0.2900,1.0000,14.485648401826483,1.0000,0.9462,-0.0000,0.0100
1.8500,15.4129,0.6194,0.2469,17.3860,0.0217,0.0240,-0.2366,-4.9494,0.8020,0.0739,0.2900,1.0000,14.471036529680363,1.0000,0.9566,5.0000,0.0100
1.8600,15.5877,0.6219,0.2506,17.4803,0.0194,0.0172,-0.2366,0.0000,0.8018,0.0739,0.2900,1.0000,14.456424657534244,1.0000,0.9670,-0.0000,0.0100
1.8700,15.7634,0.6245,0.2664,17.5738,0.0166,0.0145,-0.2759,-3.9272,0.8017,0.0739,0.2900,1.0000,14.441812785388127,1.0000,0.9775,3.9735,0.0100
1.8800,15.9401,0.6272,0.2660,17.6681,0.0139,0.0145,-0.2657,1.0142,0.8015,0.0739,0.2900,1.0000,14.427200913242007,1.0000,0.9880,-1.0265,0.0100
1.8900,16.1177,0.6299,0.2679,17.7623,0.0113,0.0137,-0.2646,0.1167,0.8013,0.0739,0.2900,1.0000,14.412589041095888,1.0000,0.9986,-0.1182,0.0100
1.9000,16.2963,0.6326,0.2782,17.8563,0.0084,0.0078,-0.2912,-2.6594,0.8011,0.0739,0.2900,1.0000,14.39797716894977,1.0000,1.0093,2.6979,0.0100
1.9100,16.4758,0.6355,0.2859,17.9504,0.0053,0.0061,-0.3111,-1.9986,0.8010,0.0739,0.2900,1.0000,14.383365296803651,1.0000,1.0200,2.0292,0.0100
1.9200,16.6562,0.6383,0.2773,18.0444,0.0025,0.0025,-0.2819,2.9223,0.8008,0.0739,0.2900,1.0000,14.368753424657532,1.0000,1.0308,-2.9708,0.0100
1.9300,16.8376,0.6411,0.2779,18.1386,-0.0004,-0.0023,-0.2828,-0.0863,0.8006,0.0739,0.2900,1.0000,14.354141552511415,1.0000,1.0416,0.0878,0.0100
1.9400,17.0199,0.6439,0.2832,18.2328,-0.0034,-0.0031,-0.3004,-1.7569,0.8004,0.0739,0.2900,1.0000,14.339529680365295,1.0000,1.0525,1.7891,0.0100
1.9500,17.2032,0.6467,0.2845,18.3270,-0.0064,-0.0047,-0.3069,-0.6564,0.8003,0.0739,0.2900,1.0000,14.324917808219176,1.0000,1.0635,0.6690,0.0100
1.9600,17.3874,0.6494,0.2696,18.4206,-0.0091,-0.0097,-0.2645,4.2408,0.8001,0.0739,0.2900,1.0000,14.310305936073059,1.0000,1.0745,-4.3310,0.0100
1.9700,17.5725,0.6521,0.2684,18.5149,-0.0118,-0.0102,-0.2665,-0.2019,0.7999,0.0739,0.2900,1.0000,14.299823529411764,1.0000,1.0855,0.2062,0.0100
1.9800,17.7586,0.6547,0.2573,18.6089,-0.0141,-0.0134,-0.2389,2.7651,0.7997,0.0739,0.2900,1.0000,14.293470588235294,1.0000,1.0966,-2.8256,0.0100
1.9900,17.9457,0.6571,0.2424,18.7028,-0.0162,-0.0144,-0.2006,3.8304,0.7996,0.0739,0.2900,1.0000,14.287117647058823,1.0000,1.1078,-3.9175,0.0100
2.0000,18.1336,0.6595,0.2398,18.7974,-0.0182,-0.0149,-0.2021,-0.1557,0.7994,0.0739,0.2900,1.0000,14.280764705882353,1.0000,1.1190,0.1592,0.0100
2.0100,18.3226,0.6618,0.2317,18.8919,-0.0200,-0.0230,-0.1874,1.4750,0.7992,0.0739,0.2900,1.0000,14.274411764705881,1.0000,1.1303,-1.5088,0.0100
2.0200,18.5124,0.6639,0.2124,18.9856,-0.0214,-0.0212,-0.1386,4.8799,0.7990,0.0739,0.2900,1.0000,14.268058823529412,1.0000,1.1417,-5.0000,0.0100
2.0300,18.7032,0.6660,0.2080,19.0805,-0.0228,-0.0229,-0.1372,0.1379,0.7989,0.0739,0.2900,1.0000,14.261705882352942,1.0000,1.1530,-0.1411,0.0100
2.0400,18.8950,0.6679,0.1916,19.1747,-0.0238,-0.0205,-0.0991,3.8081,0.7987,0.0739,0.2900,1.0000,14.25535294117647,1.0000,1.1646,-3.9033,0.0100
2.0500,19.0877,0.6698,0.1834,19.2696,-0.0247,-0.0237,-0.0873,1.1850,0.7985,0.0739,0.2900,1.0000,14.249,1.0000,1.1761,-1.2143,0.0100
2.0600,19.2813,0.6715,0.1750,19.3647,-0.0254,-0.0264,-0.0750,1.2237,0.7983,0.0739,0.2900,1.0000,14.242647058823529,1.0000,1.1878,-1.2545,0.0100
2.0700,19.4759,0.6731,0.1548,19.4588,-0.0257,-0.0279,-0.0263,4.8691,0.7982,0.0739,0.2900,1.0000,14.23629411764706,1.0000,1.1995,-5.0000,0.0100
2.0800,19.6714,0.6746,0.1501,19.5542,-0.0259,-0.0235,-0.0263,0.0000,0.7980,0.0739,0.2900,1.0000,14.22994117647059,1.0000,1.2112,-0.0000,0.0100
2.0900,19.8679,0.6759,0.1337,19.6490,-0.0258,-0.0291,0.0103,3.6603,0.7978,0.0739,0.2900,1.0000,14.223588235294118,1.0000,1.2231,-3.7600,0.0100
2.1000,20.0654,0.6772,0.1328,19.7447,-0.0259,-0.0224,-0.0018,-1.2073,0.7977,0.0739,0.2900,1.0000,14.217235294117648,1.0000,1.2350,1.2400,0.0100
2.1100,20.2638,0.6784,0.1164,19.8397,-0.0255,-0.0253,0.0348,3.6571,0.7975,0.0739,0.2900,1.0000,14.210882352941177,1.0000,1.2470,-3.7600,0.0100
2.1200,20.4631,0.6794,0.0995,19.9348,-0.0248,-0.0272,0.0732,3.8418,0.7973,0.0739,0.2900,1.0000,14.204529411764707,1.0000,1.2590,-3.9520,0.0100
2.1300,20.6634,0.6803,0.0850,20.0302,-0.0237,-0.0229,0.1045,3.1306,0.7971,0.0739,0.2900,1.0000,14.198176470588237,1.0000,1.2711,-3.2211,0.0100
2.1400,20.8647,0.6811,0.0863,20.1263,-0.0229,-0.0230,0.0872,-1.7289,0.7970,0.0739,0.2900,1.0000,14.191823529411765,1.0000,1.2833,1.7789,0.0100
2.1500,21.0669,0.6818,0.0721,20.2220,-0.0217,-0.0214,0.1185,3.1278,0.7968,0.0739,0.2900,1.0000,14.185470588235296,1.0000,1.2957,-3.2211,0.0100
2.1600,21.2701,0.6826,0.0737,20.3183,-0.0207,-0.0196,0.1012,-1.7273,0.7966,0.0739,0.2900,1.0000,14.179117647058824,1.0000,1.3080,1.7789,0.0100
2.1700,21.4742,0.6832,0.0600,20.4143,-0.0193,-0.0185,0.1325,3.1250,0.7964,0.0739,0.2900,1.0000,14.172764705882354,1.0000,1.3205,-3.2211,0.0100
2.1800,21.6793,0.6836,0.0463,20.5103,-0.0177,-0.0182,0.1645,3.2026,0.7963,0.0739,0.2900,1.0000,14.166411764705884,1.0000,1.3330,-3.3025,0.0100
2.1900,21.8854,0.6841,0.0484,20.6070,-0.0162,-0.0173,0.1480,-1.6460,0.7961,0.0739,0.2900,1.0000,14.160058823529413,1.0000,1.3456,1.6975,0.0100
2.2000,22.0924,0.6845,0.0372,20.7035,-0.0145,-0.0153,0.1737,2.5699,0.7959,0.0739,0.2900,1.0000,14.153705882352943,1.0000,1.3583,-2.6519,0.0100
2.2100,22.3004,0.6848,0.0342,20.8004,-0.0127,-0.0122,0.1749,0.1224,0.7957,0.0739,0.2900,1.0000,14.147352941176473,1.0000,1.3710,-0.1263,0.0100
2.2200,22.5094,0.6851,0.0316,20.8975,-0.0110,-0.0113,0.1758,0.0911,0.7956,0.0739,0.2900,1.0000,14.141000000000002,1.0000,1.3839,-0.0940,0.0100
2.2300,22.7194,0.6854,0.0270,20.9946,-0.0091,-0.0103,0.1842,0.8338,0.7954,0.0739,0.2900,1.0000,14.12966197183099,1.0000,1.3969,-0.8616,0.0100
2.2400,22.9303,0.6856,0.0209,21.0916,-0.0072,-0.0067,0.1981,1.3901,0.7952,0.0739,0.2900,1.0000,14.118323943661975,1.0000,1.4099,-1.4377,0.0100
2.2500,23.1422,0.6858,0.0174,21.1889,-0.0051,-0.0045,0.2048,0.6713,0.7950,0.0739,0.2900,1.0000,14.106985915492961,1.0000,1.4229,-0.6948,0.0100
2.2600,23.3550,0.6860,0.0178,21.2862,-0.0031,-0.0059,0.2006,-0.4152,0.7949,0.0739,0.2900,1.0000,14.095647887323949,1.0000,1.4361,0.4301,0.0100
2.2700,23.5689,0.6862,0.0223,21.3836,-0.0012,-0.0022,0.1851,-1.5556,0.7947,0.0739,0.2900,1.0000,14.084309859154935,1.0000,1.4493,1.6128,0.0100
2.2800,23.7837,0.6864,0.0199,21.4810,0.0007,0.0032,0.1916,0.6535,0.7945,0.0739,0.2900,1.0000,14.07297183098592,1.0000,1.4626,-0.6780,0.0100
2.2900,23.9995,0.6866,0.0194,21.5785,0.0026,0.0053,0.1935,0.1833,0.7943,0.0739,0.2900,1.0000,14.061633802816907,1.0000,1.4760,-0.1903,0.0100
2.3000,24.2162,0.6869,0.0282,21.6759,0.0043,0.0050,0.1676,-2.5856,0.7942,0.0739,0.2900,1.0000,14.050295774647893,1.0000,1.4894,2.6878,0.0100
2.3100,24.4340,0.6872,0.0320,21.7736,0.0059,0.0051,0.1581,-0.9466,0.7940,0.0739,0.2900,1.0000,14.038957746478879,1.0000,1.5029,0.9846,0.0100
2.3200,24.6527,0.6875,0.0253,21.8712,0.0077,0.0063,0.1819,2.3769,0.7938,0.0739,0.2900,1.0000,14.027619718309866,1.0000,1.5164,-2.4747,0.0100
2.3300,24.8724,0.6878,0.0344,21.9688,0.0093,0.0104,0.1577,-2.4235,0.7937,0.0739,0.2900,1.0000,14.016281690140852,1.0000,1.5301,2.5253,0.0100
2.3400,25.0930,0.6883,0.0507,22.0659,0.0104,0.0095,0.1121,-4.5529,0.7935,0.0739,0.2900,1.0000,14.004943661971838,1.0000,1.5437,4.7520,0.0100
2.3500,25.3147,0.6889,0.0569,22.1638,0.0114,0.0119,0.0984,-1.3738,0.7933,0.0739,0.2900,1.0000,13.993605633802824,1.0000,1.5574,1.4335,0.0100
2.3600,25.5373,0.6895,0.0579,22.2618,0.0124,0.0126,0.1014,0.3009,0.7931,0.0739,0.2900,1.0000,13.98226760563381,1.0000,1.5713,-0.3142,0.0100
2.3700,25.7609,0.6901,0.0610,22.3599,0.0134,0.0129,0.0984,-0.3063,0.7930,0.0739,0.2900,1.0000,13.970929577464796,1.0000,1.5852,0.3201,0.0100
2.3800,25.9854,0.6907,0.0677,22.4579,0.0142,0.0148,0.0846,-1.3781,0.7928,0.0739,0.2900,1.0000,13.959591549295782,1.0000,1.5992,1.4416,0.0100
2.3900,26.2110,0.6916,0.0842,22.5554,0.0146,0.0132,0.0408,-4.3770,0.7926,0.0739,0.2900,1.0000,13.94825352112677,1.0000,1.6133,4.5865,0.0100
2.4000,26.4375,0.6924,0.0854,22.6538,0.0151,0.0165,0.0447,0.3947,0.7924,0.0739,0.2900,1.0000,13.936915492957755,1.0000,1.6273,-0.4135,0.0100
2.4100,26.6651,0.6934,0.0986,22.7517,0.0152,0.0136,0.0118,-3.2949,0.7923,0.0739,0.2900,1.0000,13.925577464788741,1.0000,1.6415,3.4567,0.0100
2.4200,26.8936,0.6945,0.1047,22.8501,0.0152,0.0145,0.0007,-1.1089,0.7921,0.0739,0.2900,1.0000,13.914239436619727,1.0000,1.6557,1.1637,0.0100
2.4300,27.1230,0.6956,0.1109,22.9486,0.0151,0.0164,-0.0105,-1.1220,0.7919,0.0739,0.2900,1.0000,13.902901408450713,1.0000,1.6701,1.1783,0.0100
2.4400,27.3535,0.6968,0.1224,23.0468,0.0147,0.0133,-0.0383,-2.7797,0.7917,0.0739,0.2900,1.0000,13.8915633802817,1.0000,1.6845,2.9228,0.0100
2.4500,27.5850,0.6980,0.1218,23.1456,0.0144,0.0151,-0.0289,0.9421,0.7916,0.0739,0.2900,1.0000,13.880225352112687,1.0000,1.6990,-0.9910,0.0100
2.4600,27.8174,0.6994,0.1365,23.2438,0.0137,0.0155,-0.0669,-3.8050,0.7914,0.0739,0.2900,1.0000,13.868887323943673,1.0000,1.7136,4.0090,0.0100
2.4700,28.0508,0.7007,0.1357,23.3427,0.0132,0.0130,-0.0575,0.9406,0.7912,0.0739,0.2900,1.0000,13.857549295774659,1.0000,1.7282,-0.9910,0.0100
2.4800,28.2852,0.7022,0.1460,23.4414,0.0123,0.0121,-0.0826,-2.5046,0.7910,0.0739,0.2900,1.0000,13.846211267605645,1.0000,1.7429,2.6420,0.0100
2.4900,28.5206,0.7038,0.1569,23.5401,0.0112,0.0093,-0.1103,-2.7710,0.7909,0.0739,0.2900,1.0000,13.83487323943663,1.0000,1.7577,2.9256,0.0100
2.5000,28.7570,0.7053,0.1524,23.6393,0.0103,0.0099,-0.0907,1.9636,0.7907,0.0739,0.2900,1.0000,13.823535211267616,1.0000,1.7725,-2.0744,0.0100
2.5100,28.9944,0.7069,0.1630,23.7382,0.0091,0.0076,-0.1183,-2.7656,0.7905,0.0739,0.2900,1.0000,13.808271375464702,1.0000,1.7875,2.9256,0.0100
2.5200,29.2328,0.7086,0.1685,23.8373,0.0078,0.0078,-0.1309,-1.2589,0.7903,0.0739,0.2900,1.0000,13.790390334572509,1.0000,1.8025,1.3330,0.0100
2.5300,29.4722,0.7103,0.1658,23.9365,0.0066,0.0070,-0.1189,1.2007,0.7902,0.0739,0.2900,1.0000,13.772509293680315,1.0000,1.8176,-1.2730,0.0100
2.5400,29.7125,0.7119,0.1683,24.0357,0.0054,0.0048,-0.1237,-0.4811,0.7900,0.0739,0.2900,1.0000,13.754628252788123,1.0000,1.8327,0.5107,0.0100
2.5500,29.9539,0.7136,0.1638,24.1349,0.0043,0.0053,-0.1072,1.6545,0.7898,0.0739,0.2900,1.0000,13.73674721189593,1.0000,1.8479,-1.7588,0.0100
2.5600,30.1962,0.7153,0.1703,24.2341,0.0031,0.0056,-0.1255,-1.8298,0.7897,0.0739,0.2900,1.0000,13.718866171003738,1.0000,1.8632,1.9478,0.0100
2.5700,30.4395,0.7169,0.1655,24.3333,0.0020,0.0029,-0.1095,1.5921,0.7895,0.0739,0.2900,1.0000,13.700985130111544,1.0000,1.8786,-1.6969,0.0100
2.5800,30.6839,0.7186,0.1701,24.4325,0.0008,-0.0005,-0.1231,-1.3558,0.7893,0.0739,0.2900,1.0000,13.68310408921935,1.0000,1.8940,1.4469,0.0100
2.5900,30.9292,0.7203,0.1696,24.5318,-0.0005,-0.0002,-0.1218,0.1244,0.7891,0.0739,0.2900,1.0000,13.665223048327158,1.0000,1.9095,-0.1329,0.0100
2.6000,31.1755,0.7220,0.1648,24.6310,-0.0015,0.0000,-0.1078,1.4009,0.7890,0.0739,0.2900,1.0000,13.647342007434965,1.0000,1.9250,-1.4990,0.0100
2.6100,31.4228,0.7237,0.1687,24.7303,-0.0027,-0.0036,-0.1210,-1.3177,0.7888,0.0739,0.2900,1.0000,13.629460966542771,1.0000,1.9406,1.4117,0.0100
2.6200,31.6711,0.7254,0.1705,24.8297,-0.0040,-0.0046,-0.1286,-0.7585,0.7886,0.0739,0.2900,1.0000,13.61157992565058,1.0000,1.9563,0.8136,0.0100
2.6300,31.9204,0.7270,0.1627,24.9288,-0.0051,-0.0028,-0.1071,2.1474,0.7884,0.0739,0.2900,1.0000,13.593698884758386,1.0000,1.9720,-2.3070,0.0100
2.6400,32.1707,0.7285,0.1535,25.0280,-0.0059,-0.0042,-0.0819,2.5267,0.7883,0.0739,0.2900,1.0000,13.575817843866194,1.0000,1.9878,-2.7185,0.0100
2.6500,32.4219,0.7301,0.1553,25.1274,-0.0068,-0.0065,-0.0912,-0.9292,0.7881,0.0739,0.2900,1.0000,13.557936802974,1.0000,2.0037,1.0007,0.0100
2.6600,32.6742,0.7316,0.1548,25.2268,-0.0078,-0.0084,-0.0938,-0.2650,0.7879,0.0739,0.2900,1.0000,13.540055762081806,1.0000,2.0196,0.2858,0.0100
2.6700,32.9275,0.7331,0.1422,25.3258,-0.0084,-0.0060,-0.0593,3.4486,0.7877,0.0739,0.2900,1.0000,13.522174721189614,1.0000,2.0356,-3.7262,0.0100
2.6800,33.1817,0.7345,0.1389,25.4252,-0.0089,-0.0109,-0.0541,0.5232,0.7876,0.0739,0.2900,1.0000,13.50429368029742,1.0000,2.0516,-0.5657,0.0100
2.6900,33.4370,0.7359,0.1427,25.5246,-0.0096,-0.0110,-0.0709,-1.6860,0.7874,0.0739,0.2900,1.0000,13.486412639405227,1.0000,2.0677,1.8255,0.0100
2.7000,33.6932,0.7372,0.1353,25.6239,-0.0102,-0.0074,-0.0538,1.7163,0.7872,0.0739,0.2900,1.0000,13.468531598513035,1.0000,2.0840,-1.8609,0.0100
2.7100,33.9504,0.7385,0.1262,25.7232,-0.0105,-0.0102,-0.0315,2.2294,0.7870,0.0739,0.2900,1.0000,13.450650557620841,1.0000,2.1002,-2.4207,0.0100
2.7200,34.2087,0.7397,0.1181,25.8226,-0.0106,-0.0075,-0.0124,1.9135,0.7869,0.0739,0.2900,1.0000,13.432769516728648,1.0000,2.1165,-2.0803,0.0100
2.7300,34.4679,0.7409,0.1233,25.9221,-0.0109,-0.0099,-0.0342,-2.1858,0.7867,0.0739,0.2900,1.0000,13.414888475836456,1.0000,2.1329,2.3797,0.0100
2.7400,34.7281,0.7420,0.1135,26.0214,-0.0110,-0.0101,-0.0102,2.4035,0.7865,0.0739,0.2900,1.0000,13.397007434944262,1.0000,2.1494,-2.6203,0.0100
2.7500,34.9893,0.7432,0.1116,26.1210,-0.0111,-0.0151,-0.0106,-0.0390,0.7863,0.0739,0.2900,1.0000,13.37912639405207,1.0000,2.1659,0.0426,0.0100
2.7600,35.2515,0.7443,0.1183,26.2205,-0.0115,-0.0120,-0.0374,-2.6867,0.7862,0.0739,0.2900,1.0000,13.361245353159877,1.0000,2.1825,2.9372,0.0100
2.7700,35.5147,0.7454,0.1101,26.3200,-0.0117,-0.0107,-0.0186,1.8848,0.7860,0.0739,0.2900,1.0000,13.343364312267683,1.0000,2.1991,-2.0628,0.0100
2.7800,35.7789,0.7466,0.1162,26.4197,-0.0121,-0.0110,-0.0438,-2.5184,0.7858,0.0739,0.2900,1.0000,13.33792156862745,1.0000,2.2158,2.7579,0.0100
2.7900,36.0441,0.7477,0.1074,26.5196,-0.0124,-0.0117,-0.0233,2.0477,0.7857,0.0739,0.2900,1.0000,13.337809523809524,1.0000,2.2327,-2.2421,0.0100
2.8000,36.3103,0.7487,0.1038,26.6200,-0.0126,-0.0123,-0.0191,0.4168,0.7855,0.0739,0.2900,1.0000,13.337697478991595,1.0000,2.2496,-0.4563,0.0100
2.8100,36.5775,0.7496,0.0868,26.7198,-0.0123,-0.0103,0.0265,4.5617,0.7853,0.0739,0.2900,1.0000,13.337585434173668,1.0000,2.2666,-5.0000,0.0100
2.8200,36.8457,0.7504,0.0846,26.8207,-0.0120,-0.0116,0.0265,0.0000,0.7851,0.0739,0.2900,1.0000,13.337473389355742,1.0000,2.2837,-0.0000,0.0100
2.8300,37.1149,0.7513,0.0819,26.9218,-0.0118,-0.0118,0.0282,0.1682,0.7850,0.0739,0.2900,1.0000,13.337361344537815,1.0000,2.3009,-0.1841,0.0100
2.8400,37.3852,0.7520,0.0758,27.0231,-0.0113,-0.0130,0.0405,1.2295,0.7848,0.0739,0.2900,1.0000,13.337249299719888,1.0000,2.3183,-1.3461,0.0100
2.8500,37.6564,0.7527,0.0693,27.1247,-0.0108,-0.0147,0.0544,1.3904,0.7846,0.0739,0.2900,1.0000,13.337137254901961,1.0000,2.3358,-1.5222,0.0100
2.8600,37.9287,0.7533,0.0627,27.2265,-0.0101,-0.0104,0.0689,1.4503,0.7844,0.0739,0.2900,1.0000,13.337025210084033,1.0000,2.3534,-1.5878,0.0100
2.8700,38.2020,0.7540,0.0644,27.3287,-0.0095,-0.0134,0.0579,-1.0932,0.7843,0.0739,0.2900,1.0000,13.336913165266106,1.0000,2.3711,1.1968,0.0100
2.8800,38.4763,0.7545,0.0550,27.4310,-0.0087,-0.0095,0.0819,2.3960,0.7841,0.0739,0.2900,1.0000,13.336801120448179,1.0000,2.3889,-2.6239,0.0100
2.8900,38.7516,0.7550,0.0504,27.5337,-0.0078,-0.0062,0.0912,0.9332,0.7839,0.0739,0.2900,1.0000,13.336689075630252,1.0000,2.4068,-1.0217,0.0100
2.9000,39.0280,0.7555,0.0423,27.6365,-0.0067,-0.0049,0.1118,2.0602,0.7837,0.0739,0.2900,1.0000,13.336577030812325,1.0000,2.4249,-2.2561,0.0100
2.9100,39.3054,0.7558,0.0325,27.7395,-0.0053,-0.0038,0.1385,2.6614,0.7836,0.0739,0.2900,1.0000,13.336464985994397,1.0000,2.4430,-2.9149,0.0100
2.9200,39.5838,0.7562,0.0377,27.8431,-0.0041,-0.0058,0.1194,-1.9041,0.7834,0.0739,0.2900,1.0000,13.33635294117647,1.0000,2.4613,2.0851,0.0100
2.9300,39.8633,0.7564,0.0283,27.9467,-0.0026,-0.0061,0.1460,2.6613,0.7832,0.0739,0.2900,1.0000,13.336240896358543,1.0000,2.4797,-2.9149,0.0100
2.9400,40.1438,0.7568,0.0340,28.0507,-0.0014,0.0007,0.1270,-1.9041,0.7830,0.0739,0.2900,1.0000,13.336128851540616,1.0000,2.4982,2.0851,0.0100
2.9500,40.4253,0.7572,0.0392,28.1551,-0.0003,-0.0010,0.1101,-1.6885,0.7829,0.0739,0.2900,1.0000,13.33601680672269,1.0000,2.5168,1.8489,0.0100
2.9600,40.7079,0.7576,0.0399,28.2598,0.0008,0.0005,0.1077,-0.2409,0.7827,0.0739,0.2900,1.0000,13.33590476190476,1.0000,2.5356,0.2637,0.0100
2.9700,40.9916,0.7580,0.0411,28.3648,0.0018,0.0006,0.1043,-0.3384,0.7825,0.0739,0.2900,1.0000,13.335792717086834,1.0000,2.5545,0.3705,0.0100
2.9800,41.2763,0.7583,0.0331,28.4699,0.0031,0.0059,0.1299,2.5619,0.7823,0.0739,0.2900,1.0000,13.335680672268907,1.0000,2.5735,-2.8060,0.0100
2.9900,41.5620,0.7586,0.0318,28.5754,0.0045,0.0052,0.1352,0.5262,0.7822,0.0739,0.2900,1.0000,13.33556862745098,1.0000,2.5926,-0.5762,0.0100
3.0000,41.8488,0.7591,0.0457,28.6807,0.0054,0.0069,0.0948,-4.0365,0.7820,0.0739,0.2900,1.0000,13.335456582633054,1.0000,2.6119,4.4238,0.0100
3.0100,42.1367,0.7595,0.0449,28.7869,0.0064,0.0047,0.1001,0.5262,0.7818,0.0739,0.2900,1.0000,13.335344537815125,1.0000,2.6311,-0.5762,0.0100
3.0200,42.4256,0.7600,0.0511,28.8932,0.0073,0.0077,0.0841,-1.5978,0.7817,0.0739,0.2900,1.0000,13.335232492997198,1.0000,2.6507,1.7497,0.0100
3.0300,42.7156,0.7606,0.0511,29.0000,0.0082,0.0072,0.0879,0.3838,0.7815,0.0739,0.2900,1.0000,13.335120448179271,1.0000,2.6703,-0.4202,0.0100
3.0400,43.0067,0.7612,0.0660,29.1063,0.0086,0.0109,0.0462,-4.1784,0.7813,0.0739,0.2900,1.0000,13.335008403361345,1.0000,2.6900,4.5798,0.0100
3.0500,43.2988,0.7619,0.0662,29.2137,0.0091,0.0054,0.0500,0.3838,0.7811,0.0739,0.2900,1.0000,13.334896358543418,1.0000,2.7098,-0.4202,0.0100
3.0600,43.5920,0.7626,0.0746,29.3211,0.0094,0.0072,0.0286,-2.1444,0.7810,0.0739,0.2900,1.0000,13.33478431372549,1.0000,2.7298,2.3486,0.0100
3.0700,43.8863,0.7633,0.0690,29.4289,0.0099,0.0109,0.0505,2.1897,0.7808,0.0739,0.2900,1.0000,13.334672268907562,1.0000,2.7500,-2.3983,0.0100
3.0800,44.1817,0.7641,0.0784,29.5369,0.0102,0.0122,0.0267,-2.3753,0.7806,0.0739,0.2900,1.0000,13.334560224089635,1.0000,2.7702,2.6017,0.0100
3.0900,44.4781,0.7649,0.0780,29.6455,0.0105,0.0103,0.0328,0.6152,0.7804,0.0739,0.2900,1.0000,13.334448179271709,1.0000,2.7906,-0.6736,0.0100
3.1000,44.7757,0.7658,0.0926,29.7537,0.0104,0.0066,-0.0066,-3.9475,0.7803,0.0739,0.2900,1.0000,13.334336134453782,1.0000,2.8111,4.3264,0.0100
3.1100,45.0743,0.7667,0.0923,29.8629,0.0104,0.0088,-0.0005,0.6151,0.7801,0.0739,0.2900,1.0000,13.334224089635855,1.0000,2.8317,-0.6736,0.0100
3.1200,45.3740,0.7678,0.1038,29.9719,0.0101,0.0090,-0.0307,-3.0254,0.7799,0.0739,0.2900,1.0000,13.334112044817926,1.0000,2.8525,3.3146,0.0100
3.1300,45.6748,0.7689,0.1173,30.0812,0.0095,0.0114,-0.0671,-3.6332,0.7797,0.0739,0.2900,1.0000,13.334,1.0000,2.8734,3.9815,0.0100
3.1400,45.9768,0.7702,0.1235,30.1910,0.0086,0.0075,-0.0816,-1.4571,0.7796,0.0739,0.2900,1.0000,13.321748091603082,1.0000,2.8944,1.5972,0.0100
3.1500,46.2798,0.7714,0.1210,30.3011,0.0079,0.0057,-0.0699,1.1690,0.7794,0.0739,0.2900,1.0000,13.309496183206134,1.0000,2.9156,-1.2825,0.0100
3.1600,46.5839,0.7725,0.1140,30.4113,0.0075,0.0065,-0.0447,2.5195,0.7792,0.0739,0.2900,1.0000,13.297244274809188,1.0000,2.9369,-2.7676,0.0100
3.1700,46.8891,0.7737,0.1218,30.5215,0.0068,0.0072,-0.0651,-2.0308,0.7790,0.0739,0.2900,1.0000,13.284992366412242,1.0000,2.9582,2.2324,0.0100
3.1800,47.1954,0.7750,0.1240,30.6321,0.0062,0.0064,-0.0688,-0.3701,0.7789,0.0739,0.2900,1.0000,13.272740458015296,1.0000,2.9797,0.4071,0.0100
3.1900,47.5028,0.7763,0.1348,30.7425,0.0052,0.0062,-0.0990,-3.0216,0.7787,0.0739,0.2900,1.0000,13.26048854961835,1.0000,3.0014,3.3288,0.0100
3.2000,47.8114,0.7776,0.1305,30.8534,0.0043,0.0065,-0.0838,1.5162,0.7785,0.0739,0.2900,1.0000,13.248236641221403,1.0000,3.0231,-1.6712,0.0100
3.2100,48.1210,0.7789,0.1292,30.9645,0.0036,0.0017,-0.0781,0.5721,0.7783,0.0739,0.2900,1.0000,13.235984732824457,1.0000,3.0449,-0.6311,0.0100
3.2200,48.4318,0.7803,0.1343,31.0757,0.0026,0.0011,-0.0923,-1.4183,0.7782,0.0739,0.2900,1.0000,13.223732824427511,1.0000,3.0669,1.5661,0.0100
3.2300,48.7436,0.7816,0.1379,31.1871,0.0016,0.0035,-0.1023,-1.0040,0.7780,0.0739,0.2900,1.0000,13.211480916030565,1.0000,3.0889,1.1096,0.0100
3.2400,49.0566,0.7830,0.1368,31.2987,0.0006,-0.0013,-0.0988,0.3477,0.7778,0.0739,0.2900,1.0000,13.199229007633619,1.0000,3.1111,-0.3846,0.0100
3.2500,49.3707,0.7844,0.1384,31.4105,-0.0004,0.0009,-0.1039,-0.5095,0.7777,0.0739,0.2900,1.0000,13.186977099236671,1.0000,3.1334,0.5642,0.0100
3.2600,49.6860,0.7858,0.1405,31.5225,-0.0015,-0.0013,-0.1112,-0.7274,0.7775,0.0739,0.2900,1.0000,13.174725190839725,1.0000,3.1559,0.8061,0.0100
3.2700,50.0023,0.7871,0.1277,31.6342,-0.0023,-0.0019,-0.0734,3.7774,0.7773,0.0739,0.2900,1.0000,13.162473282442779,1.0000,3.1784,-4.1939,0.0100
3.2800,50.3198,0.7884,0.1283,31.7465,-0.0030,-0.0064,-0.0770,-0.3572,0.7771,0.0739,0.2900,1.0000,13.150221374045833,1.0000,3.2010,0.3966,0.0100
3.2900,50.6384,0.7897,0.1355,31.8589,-0.0040,-0.0031,-0.1009,-2.3893,0.7770,0.0739,0.2900,1.0000,13.137969465648887,1.0000,3.2237,2.6562,0.0100
3.3000,50.9581,0.7910,0.1277,31.9714,-0.0048,-0.0058,-0.0798,2.1065,0.7768,0.0739,0.2900,1.0000,13.12571755725194,1.0000,3.2466,-2.3438,0.0100
3.3100,51.2789,0.7923,0.1346,32.0841,-0.0059,-0.0042,-0.1037,-2.3848,0.7766,0.0739,0.2900,1.0000,13.113465648854994,1.0000,3.2696,2.6562,0.0100
3.3200,51.6009,0.7936,0.1265,32.1970,-0.0067,-0.0069,-0.0827,2.1025,0.7764,0.0739,0.2900,1.0000,13.101213740458048,1.0000,3.2927,-2.3438,0.0100
3.3300,51.9240,0.7949,0.1245,32.3103,-0.0075,-0.0069,-0.0805,0.2128,0.7763,0.0739,0.2900,1.0000,13.088961832061102,1.0000,3.3159,-0.2374,0.0100
3.3400,52.2482,0.7959,0.1088,32.4230,-0.0079,-0.0091,-0.0369,4.3594,0.7761,0.0739,0.2900,1.0000,13.076709923664156,1.0000,3.3392,-4.8733,0.0100
3.3500,52.5736,0.7970,0.1077,32.5367,-0.0083,-0.0102,-0.0381,-0.1134,0.7759,0.0739,0.2900,1.0000,13.06445801526721,1.0000,3.3626,0.1267,0.0100
3.3600,52.9001,0.7980,0.0949,32.6500,-0.0083,-0.0075,-0.0039,3.4120,0.7757,0.0739,0.2900,1.0000,13.052206106870262,1.0000,3.3862,-3.8195,0.0100
3.3700,53.2277,0.7989,0.0969,32.7641,-0.0084,-0.0079,-0.0145,-1.0542,0.7756,0.0739,0.2900,1.0000,13.039954198473316,1.0000,3.4098,1.1805,0.0100
3.3800,53.5565,0.7998,0.0847,32.8779,-0.0083,-0.0069,0.0177,3.2197,0.7754,0.0739,0.2900,1.0000,13.02770229007637,1.0000,3.4337,-3.6108,0.0100
3.3900,53.8864,0.8006,0.0832,32.9923,-0.0081,-0.0036,0.0178,0.0056,0.7752,0.0739,0.2900,1.0000,13.015450381679424,1.0000,3.4576,-0.0063,0.0100
3.4000,54.2173,0.8013,0.0738,33.0896,-0.0077,-0.0079,0.0422,2.4465,0.7750,0.0739,0.2900,1.0000,11.681727272731989,1.0000,3.4817,-3.0592,0.0100
3.4100,54.5490,0.8020,0.0692,33.1659,-0.0071,-0.0082,0.0529,1.0647,0.7749,0.0739,0.2900,1.0000,10.0176363636411,1.0000,3.5022,-1.5519,0.0100
3.4200,54.8811,0.8028,0.0720,33.2093,-0.0067,-0.0082,0.0421,-1.0754,0.7747,0.0739,0.2900,1.0000,7.441857142866292,1.0000,3.5184,2.1104,0.0100
3.4300,55.2132,0.8035,0.0699,33.2160,-0.0063,-0.0062,0.0470,0.4896,0.7745,0.0739,0.2900,1.0000,4.589062500004449,1.0000,3.5276,-1.5580,0.0100
3.4400,55.5453,0.8042,0.0699,33.2030,-0.0058,-0.0043,0.0459,-0.1086,0.7743,0.0739,0.2900,1.0000,3.059375000004483,1.0000,3.5291,0.5182,0.0100
3.4500,55.8770,0.8049,0.0706,33.1702,-0.0054,-0.0057,0.0431,-0.2805,0.7742,0.0739,0.2900,1.0000,1.5296875000045174,1.0000,3.5263,2.6780,0.0100
3.4600,56.2081,0.8056,0.0705,33.1176,-0.0049,-0.0045,0.0431,0.0000,0.7740,0.0739,0.2900,1.0000,4.551026222543442e-12,1.0000,3.5193,-2.3220,0.0100
3.4700,56.5388,0.8063,0.0704,33.0649,-0.0045,-0.0055,0.0431,0.0000,0.7740,0.0739,0.2900,1.5000,0.0000,0.0000,3.5082,-0.2203,0.0100
3.4800,56.8689,0.8070,0.0703,33.0120,-0.0041,-0.0013,0.0431,0.0000,0.7740,0.0739,0.2900,1.5000,0.0000,0.0000,3.4970,-0.8054,0.0100
3.4900,57.1985,0.8077,0.0702,32.9590,-0.0036,-0.0064,0.0431,-0.0000,0.7740,0.0739,0.2900,1.5000,0.0000,0.0000,3.4858,1.3217,0.0100
3.5000,57.5276,0.8084,0.0701,32.9058,-0.0032,-0.0040,0.0431,-0.0000,0.7740,0.0739,0.2900,1.5000,0.0000,0.0000,3.4747,1.1153,0.0100
3.5100,57.8561,0.8091,0.0700,32.8525,-0.0028,-0.0067,0.0431,0.0000,0.7740,0.0739,0.2900,1.5000,0.0000,0.0000,3.4634,-2.2341,0.0100
3.5200,58.1841,0.8098,0.0699,32.7990,-0.0023,0.0017,0.0431,-0.0000,0.7740,0.0739,0.2900,1.5000,0.0000,0.0000,3.4522,0.9769,0.0100
3.5300,58.5115,0.8105,0.0698,32.7454,-0.0019,0.0008,0.0431,0.0000,0.7740,0.0739,0.2900,1.5000,0.0000,0.0000,3.4410,-1.8677,0.0100
3.5400,58.8384,0.8112,0.0697,32.6916,-0.0015,-0.0019,0.0431,-0.0000,0.7740,0.0739,0.2900,1.5000,0.0000,0.0000,3.4298,3.1323,0.0100
3.5500,59.1648,0.8119,0.0697,32.6377,-0.0010,-0.0009,0.0431,0.0000,0.7740,0.0739,0.2900,1.5000,0.0000,0.0000,3.4185,-1.8677,0.0100
3.5600,59.4907,0.8126,0.0696,32.5837,-0.0006,-0.0022,0.0431,-0.0000,0.7740,0.0739,0.2900,1.5000,0.0000,0.0000,3.4073,2.9108,0.0100
3.5700,59.8160,0.8133,0.0695,32.5295,-0.0002,-0.0012,0.0431,0.0000,0.7740,0.0739,0.2900,1.5000,0.0000,0.0000,3.3960,-2.0892,0.0100
3.5800,60.1407,0.8140,0.0694,32.4752,0.0002,-0.0012,0.0431,-0.0000,0.7740,0.0739,0.2900,1.5000,0.0000,0.0000,3.3847,2.9108,0.0100
3.5900,60.4649,0.8147,0.0693,32.4207,0.0007,0.0020,0.0431,0.0000,0.7740,0.0739,0.2900,1.5000,0.0000,0.0000,3.3734,-2.0892,0.0100
3.6000,60.7886,0.8153,0.0692,32.3661,0.0011,0.0037,0.0431,0.0000,0.7740,0.0739,0.2900,1.5000,0.0000,0.0000,3.3621,-2.6029,0.0100
3.6100,61.1117,0.8160,0.0691,32.3113,0.0015,0.0026,0.0431,-0.0000,0.7740,0.0739,0.2900,1.5000,0.0000,0.0000,3.3508,1.1761,0.0100
3.6200,61.4342,0.8167,0.0690,32.2564,0.0020,0.0017,0.0431,0.0000,0.7740,0.0739,0.2900,1.5000,0.0000,0.0000,3.3394,-1.8764,0.0100
3.6300,61.7563,0.8174,0.0689,32.2013,0.0024,0.0010,0.0431,-0.0000,0.7740,0.0739,0.2900,1.5000,0.0000,0.0000,3.3281,1.0448,0.0100
3.6400,62.0777,0.8181,0.0688,32.1461,0.0028,0.0024,0.0431,0.0000,0.7740,0.0739,0.2900,1.5000,0.0000,0.0000,3.3167,-0.4982,0.0100
3.6500,62.3986,0.8188,0.0687,32.0907,0.0033,0.0020,0.0431,-0.0000,0.7740,0.0739,0.2900,1.5000,0.0000,0.0000,3.3054,3.1486,0.0100
3.6600,62.7190,0.8195,0.0686,32.0352,0.0037,0.0037,0.0431,-0.0000,0.7740,0.0739,0.2900,1.5000,0.0000,0.0000,3.2940,1.3522,0.0100
3.6700,63.0388,0.8202,0.0685,31.9796,0.0041,0.0018,0.0431,0.0000,0.7740,0.0739,0.2900,1.5000,0.0000,0.0000,3.2826,-1.2250,0.0100
3.6800,63.3580,0.8208,0.0685,31.9238,0.0046,0.0048,0.0431,0.0000,0.7740,0.0739,0.2900,1.5000,0.0000,0.0000,3.2712,-0.6627,0.0100
3.6900,63.6767,0.8215,0.0684,31.8678,0.0050,0.0055,0.0431,0.0000,0.7740,0.0739,0.2900,1.5000,0.0000,0.0000,3.2598,-0.6975,0.0100
3.7000,63.9948,0.8222,0.0683,31.8117,0.0054,0.0006,0.0431,-0.0000,0.7740,0.0739,0.2900,1.5000,0.0000,0.0000,3.2484,1.5542,0.0100
3.7100,64.3124,0.8229,0.0682,31.7555,0.0059,0.0068,0.0431,0.0000,0.7740,0.0739,0.2900,1.5000,0.0000,0.0000,3.2370,-0.6672,0.0100
3.7200,64.6294,0.8236,0.0681,31.6991,0.0063,0.0097,0.0431,-0.0000,0.7740,0.0739,0.2900,1.5000,0.0000,0.0000,3.2255,1.9673,0.0100
3.7300,64.9458,0.8243,0.0680,31.6425,0.0067,0.0061,0.0431,0.0000,0.7740,0.0739,0.2900,1.5000,0.0000,0.0000,3.2141,-2.2009,0.0100
3.7400,65.2616,0.8249,0.0679,31.5858,0.0071,0.0109,0.0431,-0.0000,0.7740,0.0739,0.2900,1.5000,0.0000,0.0000,3.2026,2.7991,0.0100
3.7500,65.5769,0.8256,0.0678,31.5290,0.0076,0.0052,0.0431,-0.0000,0.7740,0.0739,0.2900,1.5000,0.0000,0.0000,3.1912,0.5247,0.0100
3.7600,65.8916,0.8263,0.0677,31.4720,0.0080,0.0095,0.0431,0.0000,0.7740,0.0739,0.2900,1.5000,0.0000,0.0000,3.1797,-4.4753,0.0100
3.7700,66.2058,0.8270,0.0677,31.4149,0.0084,0.0084,0.0431,-0.0000,0.7740,0.0739,0.2900,1.5000,0.0000,0.0000,3.1682,0.5247,0.0100
3.7800,66.5194,0.8276,0.0676,31.3576,0.0089,0.0113,0.0431,-0.0000,0.7740,0.0739,0.2900,1.5000,0.0000,0.0000,3.1567,2.3475,0.0100
3.7900,66.8324,0.8283,0.0675,31.3002,0.0093,0.0124,0.0431,0.0000,0.7740,0.0739,0.2900,1.5000,0.0000,0.0000,3.1452,-2.6525,0.0100
3.8000,67.1448,0.8290,0.0674,31.2426,0.0097,0.0100,0.0431,-0.0000,0.7740,0.0739,0.2900,1.5000,0.0000,0.0000,3.1337,2.3475,0.0100
3.8100,67.4566,0.8297,0.0673,31.1849,0.0102,0.0110,0.0431,0.0000,0.7740,0.0739,0.2900,1.5000,0.0000,0.0000,3.1222,-2.6525,0.0100
3.8200,67.7679,0.8303,0.0672,31.1270,0.0106,0.0092,0.0431,-0.0000,0.7740,0.0739,0.2900,1.5000,0.0000,0.0000,3.1107,2.3475,0.0100
3.8300,68.0786,0.8310,0.0671,31.0690,0.0110,0.0129,0.0431,0.0000,0.7740,0.0739,0.2900,1.5000,0.0000,0.0000,3.0991,-1.4499,0.0100
3.8400,68.3887,0.8317,0.0670,31.0108,0.0115,0.0102,0.0431,-0.0000,0.7740,0.0739,0.2900,1.5000,0.0000,0.0000,3.0876,3.5501,0.0100
3.8500,68.6982,0.8323,0.0670,30.9525,0.0119,0.0146,0.0431,-0.0000,0.7740,0.0739,0.2900,1.5000,0.0000,0.0000,3.0760,1.4632,0.0100
3.8600,69.0072,0.8330,0.0669,30.8940,0.0123,0.0117,0.0431,0.0000,0.7740,0.0739,0.2900,1.5000,0.0000,0.0000,3.0645,-1.6160,0.0100
3.8700,69.3155,0.8337,0.0668,30.8354,0.0128,0.0111,0.0431,-0.0000,0.7740,0.0739,0.2900,1.5000,0.0000,0.0000,3.0529,2.2793,0.0100
3.8800,69.6233,0.8343,0.0667,30.7766,0.0132,0.0116,0.0431,0.0000,0.7740,0.0739,0.2900,1.5000,0.0000,0.0000,3.0413,-1.3410,0.0100
3.8900,69.9305,0.8350,0.0666,30.7177,0.0136,0.0129,0.0431,-0.0000,0.7740,0.0739,0.2900,1.5000,0.0000,0.0000,3.0297,3.6590,0.0100
3.9000,70.2371,0.8357,0.0665,30.6586,0.0140,0.0169,0.0431,0.0000,0.7740,0.0739,0.2900,1.5000,0.0000,0.0000,3.0181,-1.3410,0.0100
3.9100,70.5431,0.8363,0.0664,30.5994,0.0145,0.0144,0.0431,-0.0000,0.7740,0.0739,0.2900,1.5000,0.0000,0.0000,3.0066,3.6590,0.0100
3.9200,70.8485,0.8370,0.0664,30.5400,0.0149,0.0164,0.0431,0.0000,0.7740,0.0739,0.2900,1.5000,0.0000,0.0000,2.9949,-1.3410,0.0100
3.9300,71.1533,0.8377,0.0663,30.4805,0.0153,0.0134,0.0431,-0.0000,0.7740,0.0739,0.2900,1.5000,0.0000,0.0000,2.9833,1.0163,0.0100
3.9400,71.4575,0.8383,0.0662,30.4208,0.0158,0.0158,0.0431,-0.0000,0.7740,0.0739,0.2900,1.5000,0.0000,0.0000,2.9717,1.5485,0.0100
3.9500,71.7611,0.8390,0.0661,30.3610,0.0162,0.0150,0.0431,-0.0000,0.7740,0.0739,0.2900,1.5000,0.0000,0.0000,2.9601,2.3169,0.0100
3.9600,72.0641,0.8397,0.0660,30.3010,0.0166,0.0156,0.0431,-0.0000,0.7740,0.0739,0.2900,1.5000,0.0000,0.0000,2.9485,5.0000,0.0100
3.9700,72.3665,0.8403,0.0659,30.2409,0.0171,0.0184,0.0431,-0.0000,0.7740,0.0739,0.2900,1.5000,0.0000,0.0000,2.9368,0.0000,0.0100
3.9800,72.6683,0.8410,0.0659,30.1806,0.0175,0.0158,0.0431,-0.0000,0.7740,0.0739,0.2900,1.5000,0.0000,0.0000,2.9252,4.0125,0.0100
3.9900,72.9695,0.8416,0.0658,30.1202,0.0179,0.0169,0.0431,0.0000,0.7740,0.0739,0.2900,1.5000,0.0000,0.0000,2.9135,-0.9875,0.0100
4.0000,73.2701,0.8423,0.0657,30.0596,0.0184,0.0182,0.0431,-0.0000,0.7740,0.0739,0.2900,1.5000,0.0000,0.0000,2.9019,4.0125,0.0100
4.0100,73.5701,0.8429,0.0656,29.9989,0.0188,0.0189,0.0431,-0.0000,0.7740,0.0739,0.2900,1.5000,0.0000,0.0000,2.8902,0.1921,0.0100
4.0200,73.8695,0.8436,0.0655,29.9380,0.0192,0.0207,0.0431,-0.0000,0.7740,0.0739,0.2900,1.5000,0.0000,0.0000,2.8786,2.3072,0.0100
4.0300,74.1682,0.8443,0.0655,29.8770,0.0197,0.0200,0.0431,-0.0000,0.7740,0.0739,0.2900,1.5000,0.0000,0.0000,2.8669,4.3845,0.0100
4.0400,74.4664,0.8449,0.0654,29.8158,0.0201,0.0167,0.0431,0.0000,0.7740,0.0739,0.2900,1.5000,0.0000,0.0000,2.8552,-0.6155,0.0100
4.0500,74.7639,0.8456,0.0653,29.7545,0.0205,0.0241,0.0431,-0.0000,0.7740,0.0739,0.2900,1.5000,0.0000,0.0000,2.8435,3.2315,0.0100
4.0600,75.0609,0.8462,0.0652,29.6930,0.0209,0.0206,0.0431,-0.0000,0.7740,0.0739,0.2900,1.5000,0.0000,0.0000,2.8318,2.8502,0.0100
4.0700,75.3572,0.8469,0.0651,29.6314,0.0214,0.0204,0.0431,-0.0000,0.7740,0.0739,0.2900,1.5000,0.0000,0.0000,2.8202,2.3928,0.0100
4.0800,75.6529,0.8475,0.0651,29.5696,0.0218,0.0217,0.0431,-0.0000,0.7740,0.0739,0.2900,1.5000,0.0000,0.0000,2.8085,3.7784,0.0100
4.0900,75.9480,0.8482,0.0650,29.5077,0.0222,0.0235,0.0431,-0.0000,0.7740,0.0739,0.2900,1.5000,0.0000,0.0000,2.7968,1.1484,0.0100
4.1000,76.2424,0.8488,0.0649,29.4456,0.0227,0.0198,0.0431,0.0000,0.7740,0.0739,0.2900,1.5000,0.0000,0.0000,2.7851,-1.3220,0.0100
4.1100,76.5362,0.8495,0.0648,29.3833,0.0231,0.0239,0.0431,-0.0000,0.7740,0.0739,0.2900,1.5000,0.0000,0.0000,2.7733,3.6780,0.0100
4.1200,76.8295,0.8501,0.0647,29.3209,0.0235,0.0231,0.0431,0.0000,0.7740,0.0739,0.2900,1.5000,0.0000,0.0000,2.7616,-1.3220,0.0100
4.1300,77.1220,0.8508,0.0647,29.2584,0.0240,0.0222,0.0431,-0.0000,0.7740,0.0739,0.2900,1.5000,0.0000,0.0000,2.7499,2.8559,0.0100
4.1400,77.4140,0.8514,0.0646,29.1957,0.0244,0.0253,0.0431,-0.0000,0.7740,0.0739,0.2900,1.5000,0.0000,0.0000,2.7382,3.5382,0.0100
4.1500,77.7053,0.8520,0.0645,29.1329,0.0248,0.0261,0.0431,-0.0000,0.7740,0.0739,0.2900,1.5000,0.0000,0.0000,2.7265,3.9788,0.0100
4.1600,77.9960,0.8527,0.0644,29.0699,0.0253,0.0271,0.0431,0.0000,0.7740,0.0739,0.2900,1.5000,0.0000,0.0000,2.7148,-1.0212,0.0100
4.1700,78.2861,0.8533,0.0643,29.0067,0.0257,0.0249,0.0431,-0.0000,0.7740,0.0739,0.2900,1.5000,0.0000,0.0000,2.7030,3.9788,0.0100
4.1800,78.5755,0.8540,0.0643,28.9435,0.0261,0.0302,0.0431,-0.0000,0.7740,0.0739,0.2900,1.5000,0.0000,0.0000,2.6913,0.9264,0.0100
4.1900,78.8643,0.8546,0.0642,28.8800,0.0266,0.0212,0.0431,-0.0000,0.7740,0.0739,0.2900,1.5000,0.0000,0.0000,2.6796,1.8336,0.0100
4.2000,79.1525,0.8553,0.0641,28.8164,0.0270,0.0236,0.0431,-0.0000,0.7740,0.0739,0.2900,1.5000,0.0000,0.0000,2.6678,5.0000,0.0100
4.2100,79.4400,0.8559,0.0640,28.7527,0.0274,0.0282,0.0431,-0.0000,0.7740,0.0739,0.2900,1.5000,0.0000,0.0000,2.6561,3.0295,0.0100
4.2200,79.7269,0.8565,0.0640,28.6888,0.0278,0.0287,0.0431,-0.0000,0.7740,0.0739,0.2900,1.5000,0.0000,0.0000,2.6444,3.9440,0.0100
4.2300,80.0132,0.8572,0.0639,28.6247,0.0283,0.0290,0.0431,-0.0000,0.7740,0.0739,0.2900,1.5000,0.0000,0.0000,2.6326,0.4331,0.0100
4.2400,80.2988,0.8578,0.0638,28.5605,0.0287,0.0267,0.0431,-0.0000,0.7740,0.0739,0.2900,1.5000,0.0000,0.0000,2.6209,5.0000,0.0100
4.2500,80.5837,0.8585,0.0637,28.4961,0.0291,0.0309,0.0431,-0.0000,0.7740,0.0739,0.2900,1.5000,0.0000,0.0000,2.6091,0.0000,0.0100
4.2600,80.8680,0.8591,0.0637,28.4316,0.0296,0.0289,0.0431,-0.0000,0.7740,0.0739,0.2900,1.5000,0.0000,0.0000,2.5974,5.0000,0.0100
4.2700,81.1517,0.8597,0.0636,28.3670,0.0300,0.0305,0.0431,-0.0000,0.7740,0.0739,0.2900,1.5000,0.0000,0.0000,2.5856,5.0000,0.0100
4.2800,81.4347,0.8604,0.0635,28.3022,0.0304,0.0312,0.0431,-0.0000,0.7740,0.0739,0.2900,1.5000,0.0000,0.0000,2.5739,3.1376,0.0100
4.2900,81.7171,0.8610,0.0634,28.2372,0.0309,0.0303,0.0431,-0.0000,0.7740,0.0739,0.2900,1.5000,0.0000,0.0000,2.5621,3.4915,0.0100
4.3000,81.9988,0.8616,0.0634,28.1721,0.0313,0.0297,0.0431,-0.0000,0.7740,0.0739,0.2900,1.5000,0.0000,0.0000,2.5504,0.8560,0.0100
4.3100,82.2799,0.8623,0.0633,28.1068,0.0317,0.0322,0.0431,-0.0000,0.7740,0.0739,0.2900,1.5000,0.0000,0.0000,2.5386,5.0000,0.0100
4.3200,82.5603,0.8629,0.0632,28.0414,0.0322,0.0290,0.0431,-0.0000,0.7740,0.0739,0.2900,1.5000,0.0000,0.0000,2.5269,0.5920,0.0100
4.3300,82.8401,0.8635,0.0631,27.9758,0.0326,0.0316,0.0431,-0.0000,0.7740,0.0739,0.2900,1.5000,0.0000,0.0000,2.5151,5.0000,0.0100
4.3400,83.1192,0.8642,0.0631,27.9101,0.0330,0.0329,0.0431,-0.0000,0.7740,0.0739,0.2900,1.5000,0.0000,0.0000,2.5034,3.9027,0.0100
4.3500,83.3976,0.8648,0.0630,27.8442,0.0335,0.0339,0.0431,-0.0000,0.7740,0.0739,0.2900,1.5000,0.0000,0.0000,2.4916,2.6094,0.0100
4.3600,83.6754,0.8654,0.0629,27.7782,0.0339,0.0319,0.0431,-0.0000,0.7740,0.0739,0.2900,1.5000,0.0000,0.0000,2.4799,3.1074,0.0100
4.3700,83.9525,0.8660,0.0629,27.7120,0.0343,0.0343,0.0431,-0.0000,0.7740,0.0739,0.2900,1.5000,0.0000,0.0000,2.4682,5.0000,0.0100
4.3800,84.2290,0.8667,0.0628,27.6457,0.0348,0.0364,0.0431,-0.0000,0.7740,0.0739,0.2900,1.5000,0.0000,0.0000,2.4564,0.0000,0.0100
4.3900,84.5048,0.8673,0.0627,27.5792,0.0352,0.0343,0.0431,-0.0000,0.7740,0.0739,0.2900,1.5000,0.0000,0.0000,2.4447,5.0000,0.0100
4.4000,84.7799,0.8679,0.0626,27.5126,0.0356,0.0338,0.0431,-0.0000,0.7740,0.0739,0.2900,1.5000,0.0000,0.0000,2.4329,4.6137,0.0100
4.4100,85.0543,0.8686,0.0626,27.4458,0.0360,0.0354,0.0431,-0.0000,0.7740,0.0739,0.2900,1.5000,0.0000,0.0000,2.4212,4.9511,0.0100
4.4200,85.3281,0.8692,0.0625,27.3789,0.0365,0.0345,0.0431,-0.0000,0.7740,0.0739,0.2900,1.5000,0.0000,0.0000,2.4094,1.7960,0.0100
4.4300,85.6012,0.8698,0.0624,27.3118,0.0369,0.0369,0.0431,-0.0000,0.7740,0.0739,0.2900,1.5000,0.0000,0.0000,2.3977,5.0000,0.0100
4.4400,85.8737,0.8704,0.0624,27.2445,0.0373,0.0347,0.0431,-0.0000,0.7740,0.0739,0.2900,1.5000,0.0000,0.0000,2.3860,5.0000,0.0100
4.4500,86.1455,0.8710,0.0623,27.1771,0.0378,0.0357,0.0431,-0.0000,0.7740,0.0739,0.2900,1.5000,0.0000,0.0000,2.3742,1.7841,0.0100
4.4600,86.4166,0.8717,0.0622,27.1096,0.0382,0.0367,0.0431,-0.0000,0.7740,0.0739,0.2900,1.5000,0.0000,0.0000,2.3625,4.0683,0.0100
4.4700,86.6870,0.8723,0.0621,27.0419,0.0386,0.0362,0.0431,-0.0000,0.7740,0.0739,0.2900,1.5000,0.0000,0.0000,2.3508,5.0000,0.0100
4.4800,86.9567,0.8729,0.0621,26.9740,0.0391,0.0384,0.0431,-0.0000,0.7740,0.0739,0.2900,1.5000,0.0000,0.0000,2.3390,3.0895,0.0100
4.4900,87.2258,0.8735,0.0620,26.9060,0.0395,0.0399,0.0431,-0.0000,0.7740,0.0739,0.2900,1.5000,0.0000,0.0000,2.3273,5.0000,0.0100
4.5000,87.4942,0.8742,0.0619,26.8379,0.0399,0.0396,0.0431,-0.0000,0.7740,0.0739,0.2900,1.5000,0.0000,0.0000,2.3156,1.7733,0.0100
4.5100,87.7619,0.8748,0.0619,26.7696,0.0404,0.0387,0.0431,-0.0000,0.7740,0.0739,0.2900,1.5000,0.0000,0.0000,2.3039,5.0000,0.0100
4.5200,88.0289,0.8754,0.0618,26.7011,0.0408,0.0408,0.0431,-0.0000,0.7740,0.0739,0.2900,1.5000,0.0000,0.0000,2.2922,5.0000,0.0100
4.5300,88.2952,0.8760,0.0617,26.6325,0.0412,0.0405,0.0431,-0.0000,0.7740,0.0739,0.2900,1.5000,0.0000,0.0000,2.2805,3.8849,0.0100
4.5400,88.5608,0.8766,0.0617,26.5638,0.0417,0.0418,0.0431,-0.0000,0.7740,0.0739,0.2900,1.5000,0.0000,0.0000,2.2688,5.0000,0.0100
4.5500,88.8258,0.8772,0.0616,26.4949,0.0421,0.0428,0.0431,-0.0000,0.7740,0.0739,0.2900,1.5000,0.0000,0.0000,2.2571,5.0000,0.0100
4.5600,89.0900,0.8779,0.0615,26.4258,0.0425,0.0427,0.0431,-0.0000,0.7740,0.0739,0.2900,1.5000,0.0000,0.0000,2.2454,4.4159,0.0100
4.5700,89.3536,0.8785,0.0615,26.3566,0.0429,0.0466,0.0431,-0.0000,0.7740,0.0739,0.2900,1.5000,0.0000,0.0000,2.2337,4.0164,0.0100
4.5800,89.6165,0.8791,0.0614,26.2873,0.0434,0.0446,0.0431,-0.0000,0.7740,0.0739,0.2900,1.5000,0.0000,0.0000,2.2220,5.0000,0.0100
4.5900,89.8787,0.8797,0.0613,26.2178,0.0438,0.0430,0.0431,-0.0000,0.7740,0.0739,0.2900,1.5000,0.0000,0.0000,2.2103,4.4055,0.0100
4.6000,90.1401,0.8803,0.0613,26.1481,0.0442,0.0455,0.0431,-0.0000,0.7740,0.0739,0.2900,1.5000,0.0000,0.0000,2.1986,5.0000,0.0100
4.6100,90.4009,0.8809,0.0612,26.0783,0.0447,0.0445,0.0431,-0.0000,0.7740,0.0739,0.2900,1.5000,0.0000,0.0000,2.1870,5.0000,0.0100
4.6200,90.6610,0.8815,0.0611,26.0083,0.0451,0.0449,0.0431,-0.0000,0.7740,0.0739,0.2900,1.5000,0.0000,0.0000,2.1753,5.0000,0.0100
4.6300,90.9204,0.8821,0.0611,25.9382,0.0455,0.0470,0.0431,-0.0000,0.7740,0.0739,0.2900,1.5000,0.0000,0.0000,2.1637,5.0000,0.0100
4.6400,91.1791,0.8828,0.0610,25.8679,0.0460,0.0462,0.0431,-0.0000,0.7740,0.0739,0.2900,1.5000,0.0000,0.0000,2.1520,2.8315,0.0100
4.6500,91.4370,0.8834,0.0609,25.7975,0.0464,0.0466,0.0431,-0.0000,0.7740,0.0739,0.2900,1.5000,0.0000,0.0000,2.1404,4.2169,0.0100
4.6600,91.6943,0.8840,0.0609,25.7270,0.0468,0.0465,0.0431,-0.0000,0.7740,0.0739,0.2900,1.5000,0.0000,0.0000,2.1287,5.0000,0.0100
4.6700,91.9509,0.8846,0.0608,25.6563,0.0473,0.0464,0.0431,-0.0000,0.7740,0.0739,0.2900,1.5000,0.0000,0.0000,2.1171,4.1341,0.0100
4.6800,92.2067,0.8852,0.0607,25.5854,0.0477,0.0488,0.0431,-0.0000,0.7740,0.0739,0.2900,1.5000,0.0000,0.0000,2.1055,5.0000,0.0100
4.6900,92.4619,0.8858,0.0607,25.5144,0.0481,0.0476,0.0431,-0.0000,0.7740,0.0739,0.2900,1.5000,0.0000,0.0000,2.0939,5.0000,0.0100
4.7000,92.7163,0.8864,0.0606,25.4432,0.0486,0.0478,0.0431,-0.0000,0.7740,0.0739,0.2900,1.5000,0.0000,0.0000,2.0823,4.6257,0.0100
4.7100,92.9700,0.8870,0.0605,25.3719,0.0490,0.0498,0.0431,-0.0000,0.7740,0.0739,0.2900,1.5000,0.0000,0.0000,2.0707,5.0000,0.0100
4.7200,93.2230,0.8876,0.0605,25.3004,0.0494,0.0472,0.0431,-0.0000,0.7740,0.0739,0.2900,1.5000,0.0000,0.0000,2.0591,5.0000,0.0100
4.7300,93.4753,0.8882,0.0604,25.2288,0.0498,0.0501,0.0431,-0.0000,0.7740,0.0739,0.2900,1.5000,0.0000,0.0000,2.0475,5.0000,0.0100
4.7400,93.7269,0.8888,0.0604,25.1571,0.0503,0.0479,0.0431,-0.0000,0.7740,0.0739,0.2900,1.5000,0.0000,0.0000,2.0359,5.0000,0.0100
4.7500,93.9777,0.8894,0.0603,25.0851,0.0507,0.0493,0.0431,-0.0000,0.7740,0.0739,0.2900,1.5000,0.0000,0.0000,2.0243,4.3075,0.0100
4.7600,94.2279,0.8900,0.0602,25.0131,0.0511,0.0520,0.0431,-0.0000,0.7740,0.0739,0.2900,1.5000,0.0000,0.0000,2.0128,5.0000,0.0100
4.7700,94.4773,0.8906,0.0602,24.9409,0.0516,0.0509,0.0431,-0.0000,0.7740,0.0739,0.2900,1.5000,0.0000,0.0000,2.0012,5.0000,0.0100
4.7800,94.7260,0.8912,0.0601,24.8685,0.0520,0.0514,0.0431,-0.0000,0.7740,0.0739,0.2900,1.5000,0.0000,0.0000,1.9897,3.1072,0.0100
4.7900,94.9739,0.8918,0.0600,24.7960,0.0524,0.0523,0.0431,-0.0000,0.7740,0.0739,0.2900,1.5000,0.0000,0.0000,1.9782,5.0000,0.0100
4.8000,95.2211,0.8924,0.0600,24.7233,0.0529,0.0539,0.0431,-0.0000,0.7740,0.0739,0.2900,1.5000,0.0000,0.0000,1.9667,3.3894,0.0100
4.8100,95.4677,0.8930,0.0599,24.6505,0.0533,0.0516,0.0431,-0.0000,0.7740,0.0739,0.2900,1.5000,0.0000,0.0000,1.9551,5.0000,0.0100
4.8200,95.7134,0.8936,0.0599,24.5776,0.0537,0.0527,0.0431,-0.0000,0.7740,0.0739,0.2900,1.5000,0.0000,0.0000,1.9436,5.0000,0.0100
4.8300,95.9585,0.8942,0.0598,24.5045,0.0542,0.0559,0.0431,-0.0000,0.7740,0.0739,0.2900,1.5000,0.0000,0.0000,1.9322,4.9494,0.0100
4.8400,96.2028,0.8948,0.0597,24.4312,0.0546,0.0521,0.0431,-0.0000,0.7740,0.0739,0.2900,1.5000,0.0000,0.0000,1.9207,5.0000,0.0100
4.8500,96.4464,0.8954,0.0597,24.3578,0.0550,0.0554,0.0431,-0.0000,0.7740,0.0739,0.2900,1.5000,0.0000,0.0000,1.9092,5.0000,0.0100
4.8600,96.6892,0.8960,0.0596,24.2843,0.0555,0.0542,0.0431,-0.0000,0.7740,0.0739,0.2900,1.5000,0.0000,0.0000,1.8978,5.0000,0.0100
4.8700,96.9313,0.8966,0.0596,24.2106,0.0559,0.0553,0.0431,-0.0000,0.7740,0.0739,0.2900,1.5000,0.0000,0.0000,1.8863,4.0783,0.0100
4.8800,97.1727,0.8972,0.0595,24.1367,0.0563,0.0599,0.0431,-0.0000,0.7740,0.0739,0.2900,1.5000,0.0000,0.0000,1.8749,5.0000,0.0100
4.8900,97.4133,0.8978,0.0594,24.0628,0.0567,0.0568,0.0431,-0.0000,0.7740,0.0739,0.2900,1.5000,0.0000,0.0000,1.8635,5.0000,0.0100
4.9000,97.6532,0.8984,0.0594,23.9886,0.0572,0.0582,0.0431,-0.0000,0.7740,0.0739,0.2900,1.5000,0.0000,0.0000,1.8521,2.4433,0.0100
4.9100,97.8923,0.8990,0.0593,23.9143,0.0576,0.0591,0.0431,-0.0000,0.7740,0.0739,0.2900,1.5000,0.0000,0.0000,1.8407,5.0000,0.0100
4.9200,98.1307,0.8996,0.0593,23.8399,0.0580,0.0585,0.0431,-0.0000,0.7740,0.0739,0.2900,1.5000,0.0000,0.0000,1.8293,5.0000,0.0100
4.9300,98.3684,0.9002,0.0592,23.7653,0.0585,0.0571,0.0431,-0.0000,0.7740,0.0739,0.2900,1.5000,0.0000,0.0000,1.8179,5.0000,0.0100
4.9400,98.6053,0.9008,0.0592,23.6906,0.0589,0.0587,0.0431,-0.0000,0.7740,0.0739,0.2900,1.5000,0.0000,0.0000,1.8066,5.0000,0.0100
4.9500,98.8415,0.9014,0.0591,23.6157,0.0593,0.0588,0.0431,-0.0000,0.7740,0.0739,0.2900,1.5000,0.0000,0.0000,1.7952,3.3875,0.0100
4.9600,99.0769,0.9019,0.0590,23.5407,0.0598,0.0612,0.0431,-0.0000,0.7740,0.0739,0.2900,1.5000,0.0000,0.0000,1.7839,5.0000,0.0100
4.9700,99.3115,0.9025,0.0590,23.4655,0.0602,0.0584,0.0431,-0.0000,0.7740,0.0739,0.2900,1.5000,0.0000,0.0000,1.7726,5.0000,0.0100
4.9800,99.5454,0.9031,0.0589,23.3902,0.0606,0.0617,0.0431,-0.0000,0.7740,0.0739,0.2900,1.5000,0.0000,0.0000,1.7613,5.0000,0.0100
4.9900,99.7786,0.9037,0.0589,23.3148,0.0611,0.0623,0.0431,-0.0000,0.7740,0.0739,0.2900,1.5000,0.0000,0.0000,1.7500,5.0000,0.0100
5.0000,100.0110,0.9043,0.0588,23.2392,0.0615,0.0599,0.0431,-0.0000,0.7740,0.0739,0.2900,1.5000,0.0000,0.0000,1.7387,5.0000,0.0100
5.0100,100.2426,0.9049,0.0588,23.1634,0.0619,0.0631,0.0431,-0.0000,0.7740,0.0739,0.2900,1.5000,0.0000,0.0000,1.7275,5.0000,0.0100
5.0200,100.4735,0.9055,0.0587,23.0875,0.0624,0.0638,0.0431,-0.0000,0.7740,0.0739,0.2900,1.5000,0.0000,0.0000,1.7162,5.0000,0.0100
5.0300,100.7036,0.9061,0.0586,23.0115,0.0628,0.0631,0.0431,-0.0000,0.7740,0.0739,0.2900,1.5000,0.0000,0.0000,1.7050,4.1185,0.0100
5.0400,100.9329,0.9066,0.0586,22.9353,0.0632,0.0611,0.0431,-0.0000,0.7740,0.0739,0.2900,1.5000,0.0000,0.0000,1.6938,5.0000,0.0100
5.0500,101.1615,0.9072,0.0585,22.8590,0.0636,0.0657,0.0431,-0.0000,0.7740,0.0739,0.2900,1.5000,0.0000,0.0000,1.6826,5.0000,0.0100
5.0600,101.3894,0.9078,0.0585,22.7825,0.0641,0.0641,0.0431,-0.0000,0.7740,0.0739,0.2900,1.5000,0.0000,0.0000,1.6714,5.0000,0.0100
5.0700,101.6164,0.9084,0.0584,22.7059,0.0645,0.0655,0.0431,-0.0000,0.7740,0.0739,0.2900,1.5000,0.0000,0.0000,1.6602,5.0000,0.0100
5.0800,101.8427,0.9090,0.0584,22.6291,0.0649,0.0641,0.0431,-0.0000,0.7740,0.0739,0.2900,1.5000,0.0000,0.0000,1.6491,5.0000,0.0100
5.0900,102.0682,0.9096,0.0583,22.5522,0.0654,0.0642,0.0431,-0.0000,0.7740,0.0739,0.2900,1.5000,0.0000,0.0000,1.6379,5.0000,0.0100
5.1000,102.2930,0.9101,0.0583,22.4752,0.0658,0.0658,0.0431,-0.0000,0.7740,0.0739,0.2900,1.5000,0.0000,0.0000,1.6268,5.0000,0.0100
5.1100,102.5170,0.9107,0.0582,22.3980,0.0662,0.0689,0.0431,-0.0000,0.7740,0.0739,0.2900,1.5000,0.0000,0.0000,1.6157,5.0000,0.0100
5.1200,102.7402,0.9113,0.0581,22.3207,0.0667,0.0668,0.0431,-0.0000,0.7740,0.0739,0.2900,1.5000,0.0000,0.0000,1.6047,5.0000,0.0100
5.1300,102.9626,0.9119,0.0581,22.2432,0.0671,0.0640,0.0431,-0.0000,0.7740,0.0739,0.2900,1.5000,0.0000,0.0000,1.5936,5.0000,0.0100
5.1400,103.1842,0.9125,0.0580,22.1656,0.0675,0.0656,0.0431,-0.0000,0.7740,0.0739,0.2900,1.5000,0.0000,0.0000,1.5826,5.0000,0.0100
5.1500,103.4051,0.9131,0.0580,22.0878,0.0680,0.0680,0.0431,-0.0000,0.7740,0.0739,0.2900,1.5000,0.0000,0.0000,1.5715,5.0000,0.0100
5.1600,103.6252,0.9136,0.0579,22.0099,0.0684,0.0691,0.0431,-0.0000,0.7740,0.0739,0.2900,1.5000,0.0000,0.0000,1.5605,5.0000,0.0100
5.1700,103.8445,0.9142,0.0579,21.9318,0.0688,0.0679,0.0431,-0.0000,0.7740,0.0739,0.2900,1.5000,0.0000,0.0000,1.5495,5.0000,0.0100
5.1800,104.0631,0.9148,0.0578,21.8537,0.0693,0.0658,0.0431,-0.0000,0.7740,0.0739,0.2900,1.5000,0.0000,0.0000,1.5386,5.0000,0.0100
5.1900,104.2808,0.9154,0.0578,21.7753,0.0697,0.0673,0.0431,-0.0000,0.7740,0.0739,0.2900,1.5000,0.0000,0.0000,1.5276,5.0000,0.0100
5.2000,104.4978,0.9159,0.0577,21.6968,0.0701,0.0710,0.0431,-0.0000,0.7740,0.0739,0.2900,1.5000,0.0000,0.0000,1.5167,5.0000,0.0100
5.2100,104.7140,0.9165,0.0577,21.6182,0.0705,0.0684,0.0431,-0.0000,0.7740,0.0739,0.2900,1.5000,0.0000,0.0000,1.5058,5.0000,0.0100
5.2200,104.9294,0.9171,0.0576,21.5395,0.0710,0.0709,0.0431,-0.0000,0.7740,0.0739,0.2900,1.5000,0.0000,0.0000,1.4949,5.0000,0.0100
5.2300,105.1440,0.9177,0.0576,21.4606,0.0714,0.0704,0.0431,-0.0000,0.7740,0.0739,0.2900,1.5000,0.0000,0.0000,1.4840,5.0000,0.0100
5.2400,105.3578,0.9182,0.0575,21.3816,0.0718,0.0726,0.0431,-0.0000,0.7740,0.0739,0.2900,1.5000,0.0000,0.0000,1.4732,5.0000,0.0100
5.2500,105.5708,0.9188,0.0575,21.3024,0.0723,0.0726,0.0431,-0.0000,0.7740,0.0739,0.2900,1.5000,0.0000,0.0000,1.4623,5.0000,0.0100
5.2600,105.7831,0.9194,0.0574,21.2231,0.0727,0.0726,0.0431,-0.0000,0.7740,0.0739,0.2900,1.5000,0.0000,0.0000,1.4515,5.0000,0.0100
5.2700,105.9945,0.9200,0.0574,21.1436,0.0731,0.0761,0.0431,-0.0000,0.7740,0.0739,0.2900,1.5000,0.0000,0.0000,1.4407,5.0000,0.0100
5.2800,106.2051,0.9205,0.0573,21.0640,0.0736,0.0758,0.0431,-0.0000,0.7740,0.0739,0.2900,1.5000,0.0000,0.0000,1.4300,5.0000,0.0100
5.2900,106.4150,0.9211,0.0573,20.9843,0.0740,0.0727,0.0431,-0.0000,0.7740,0.0739,0.2900,1.5000,0.0000,0.0000,1.4192,5.0000,0.0100
5.3000,106.6240,0.9217,0.0572,20.9044,0.0744,0.0749,0.0431,-0.0000,0.7740,0.0739,0.2900,1.5000,0.0000,0.0000,1.4085,5.0000,0.0100
5.3100,106.8323,0.9223,0.0572,20.8244,0.0749,0.0775,0.0431,-0.0000,0.7740,0.0739,0.2900,1.5000,0.0000,0.0000,1.3978,5.0000,0.0100
5.3200,107.0397,0.9228,0.0571,20.7443,0.0753,0.0779,0.0431,-0.0000,0.7740,0.0739,0.2900,1.5000,0.0000,0.0000,1.3871,5.0000,0.0100
5.3300,107.2463,0.9234,0.0571,20.6640,0.0757,0.0760,0.0431,-0.0000,0.7740,0.0739,0.2900,1.5000,0.0000,0.0000,1.3765,5.0000,0.0100
5.3400,107.4522,0.9240,0.0570,20.5836,0.0762,0.0772,0.0431,-0.0000,0.7740,0.0739,0.2900,1.5000,0.0000,0.0000,1.3658,5.0000,0.0100
5.3500,107.6572,0.9245,0.0570,20.5030,0.0766,0.0761,0.0431,-0.0000,0.7740,0.0739,0.2900,1.5000,0.0000,0.0000,1.3552,5.0000,0.0100
5.3600,107.8614,0.9251,0.0569,20.4223,0.0770,0.0740,0.0431,-0.0000,0.7740,0.0739,0.2900,1.5000,0.0000,0.0000,1.3446,5.0000,0.0100
5.3700,108.0648,0.9257,0.0569,20.3415,0.0774,0.0785,0.0431,-0.0000,0.7740,0.0739,0.2900,1.5000,0.0000,0.0000,1.3341,5.0000,0.0100
5.3800,108.2675,0.9262,0.0568,20.2605,0.0779,0.0758,0.0431,-0.0000,0.7740,0.0739,0.2900,1.5000,0.0000,0.0000,1.3235,5.0000,0.0100
5.3900,108.4692,0.9268,0.0568,20.1794,0.0783,0.0772,0.0431,-0.0000,0.7740,0.0739,0.2900,1.5000,0.0000,0.0000,1.3130,5.0000,0.0100
5.4000,108.6702,0.9274,0.0567,20.0982,0.0787,0.0780,0.0431,-0.0000,0.7740,0.0739,0.2900,1.5000,0.0000,0.0000,1.3025,5.0000,0.0100
5.4100,108.8704,0.9279,0.0567,20.0168,0.0792,0.0780,0.0431,-0.0000,0.7740,0.0739,0.2900,1.5000,0.0000,0.0000,1.2920,5.0000,0.0100
5.4200,109.0698,0.9285,0.0566,19.9353,0.0796,0.0809,0.0431,-0.0000,0.7740,0.0739,0.2900,1.5000,0.0000,0.0000,1.2816,5.0000,0.0100
5.4300,109.2683,0.9291,0.0566,19.8537,0.0800,0.0768,0.0431,-0.0000,0.7740,0.0739,0.2900,1.5000,0.0000,0.0000,1.2712,5.0000,0.0100
5.4400,109.4660,0.9296,0.0565,19.7719,0.0805,0.0778,0.0431,-0.0000,0.7740,0.0739,0.2900,1.5000,0.0000,0.0000,1.2608,5.0000,0.0100
5.4500,109.6629,0.9302,0.0565,19.6900,0.0809,0.0796,0.0431,-0.0000,0.7740,0.0739,0.2900,1.5000,0.0000,0.0000,1.2504,5.0000,0.0100
5.4600,109.8590,0.9308,0.0565,19.6079,0.0813,0.0823,0.0431,-0.0000,0.7740,0.0739,0.2900,1.5000,0.0000,0.0000,1.2401,5.0000,0.0100
5.4700,110.0542,0.9313,0.0564,19.5257,0.0818,0.0819,0.0431,-0.0000,0.7740,0.0739,0.2900,1.5000,0.0000,0.0000,1.2298,5.0000,0.0100
5.4800,110.2487,0.9319,0.0564,19.4434,0.0822,0.0822,0.0431,-0.0000,0.7740,0.0739,0.2900,1.5000,0.0000,0.0000,1.2195,5.0000,0.0100
5.4900,110.4423,0.9325,0.0563,19.3610,0.0826,0.0822,0.0431,-0.0000,0.7740,0.0739,0.2900,1.5000,0.0000,0.0000,1.2092,4.5333,0.0100
5.5000,110.6351,0.9330,0.0563,19.2784,0.0831,0.0865,0.0431,-0.0000,0.7740,0.0739,0.2900,1.5000,0.0000,0.0000,1.1990,5.0000,0.0100
5.5100,110.8270,0.9336,0.0562,19.1957,0.0835,0.0859,0.0431,-0.0000,0.7740,0.0739,0.2900,1.5000,0.0000,0.0000,1.1888,5.0000,0.0100
5.5200,111.0182,0.9342,0.0562,19.1129,0.0839,0.0847,0.0431,-0.0000,0.7740,0.0739,0.2900,1.5000,0.0000,0.0000,1.1786,5.0000,0.0100
5.5300,111.2085,0.9347,0.0561,19.0299,0.0843,0.0843,0.0431,-0.0000,0.7740,0.0739,0.2900,1.5000,0.0000,0.0000,1.1685,5.0000,0.0100
5.5400,111.3979,0.9353,0.0561,18.9468,0.0848,0.0835,0.0431,-0.0000,0.7740,0.0739,0.2900,1.5000,0.0000,0.0000,1.1583,5.0000,0.0100
5.5500,111.5866,0.9358,0.0560,18.8636,0.0852,0.0839,0.0431,-0.0000,0.7740,0.0739,0.2900,1.5000,0.0000,0.0000,1.1483,5.0000,0.0100
5.5600,111.7744,0.9364,0.0560,18.7802,0.0856,0.0853,0.0431,-0.0000,0.7740,0.0739,0.2900,1.5000,0.0000,0.0000,1.1382,5.0000,0.0100
5.5700,111.9613,0.9370,0.0560,18.6967,0.0861,0.0849,0.0431,-0.0000,0.7740,0.0739,0.2900,1.5000,0.0000,0.0000,1.1281,5.0000,0.0100
5.5800,112.1475,0.9375,0.0559,18.6131,0.0865,0.0877,0.0431,-0.0000,0.7740,0.0739,0.2900,1.5000,0.0000,0.0000,1.1181,5.0000,0.0100
5.5900,112.3328,0.9381,0.0559,18.5293,0.0869,0.0865,0.0431,-0.0000,0.7740,0.0739,0.2900,1.5000,0.0000,0.0000,1.1082,5.0000,0.0100
5.6000,112.5172,0.9386,0.0558,18.4455,0.0874,0.0880,0.0431,-0.0000,0.7740,0.0739,0.2900,1.5000,0.0000,0.0000,1.0982,5.0000,0.0100
5.6100,112.7008,0.9392,0.0558,18.3615,0.0878,0.0903,0.0431,-0.0000,0.7740,0.0739,0.2900,1.5000,0.0000,0.0000,1.0883,5.0000,0.0100
5.6200,112.8836,0.9397,0.0557,18.2773,0.0882,0.0873,0.0431,-0.0000,0.7740,0.0739,0.2900,1.5000,0.0000,0.0000,1.0784,5.0000,0.0100
5.6300,113.0655,0.9403,0.0557,18.1931,0.0887,0.0864,0.0431,-0.0000,0.7740,0.0739,0.2900,1.5000,0.0000,0.0000,1.0685,5.0000,0.0100
5.6400,113.2466,0.9409,0.0557,18.1087,0.0891,0.0898,0.0431,-0.0000,0.7740,0.0739,0.2900,1.5000,0.0000,0.0000,1.0587,5.0000,0.0100
5.6500,113.4269,0.9414,0.0556,18.0242,0.0895,0.0896,0.0431,-0.0000,0.7740,0.0739,0.2900,1.5000,0.0000,0.0000,1.0489,5.0000,0.0100
5.6600,113.6063,0.9420,0.0556,17.9395,0.0900,0.0884,0.0431,-0.0000,0.7740,0.0739,0.2900,1.5000,0.0000,0.0000,1.0391,5.0000,0.0100
5.6700,113.7848,0.9425,0.0555,17.8548,0.0904,0.0929,0.0431,-0.0000,0.7740,0.0739,0.2900,1.5000,0.0000,0.0000,1.0294,5.0000,0.0100
5.6800,113.9625,0.9431,0.0555,17.7699,0.0908,0.0896,0.0431,-0.0000,0.7740,0.0739,0.2900,1.5000,0.0000,0.0000,1.0197,5.0000,0.0100
5.6900,114.1393,0.9436,0.0555,17.6849,0.0913,0.0921,0.0431,-0.0000,0.7740,0.0739,0.2900,1.5000,0.0000,0.0000,1.0100,5.0000,0.0100
5.7000,114.3153,0.9442,0.0554,17.5997,0.0917,0.0922,0.0431,-0.0000,0.7740,0.0739,0.2900,1.5000,0.0000,0.0000,1.0004,5.0000,0.0100
5.7100,114.4905,0.9447,0.0554,17.5144,0.0921,0.0924,0.0431,-0.0000,0.7740,0.0739,0.2900,1.5000,0.0000,0.0000,0.9908,5.0000,0.0100
5.7200,114.6648,0.9453,0.0553,17.4291,0.0925,0.0936,0.0431,-0.0000,0.7740,0.0739,0.2900,1.5000,0.0000,0.0000,0.9812,5.0000,0.0100
5.7300,114.8382,0.9459,0.0553,17.3435,0.0930,0.0933,0.0431,-0.0000,0.7740,0.0739,0.2900,1.5000,0.0000,0.0000,0.9717,5.0000,0.0100
5.7400,115.0108,0.9464,0.0553,17.2579,0.0934,0.0935,0.0431,-0.0000,0.7740,0.0739,0.2900,1.5000,0.0000,0.0000,0.9621,5.0000,0.0100
5.7500,115.1825,0.9470,0.0552,17.1721,0.0938,0.0925,0.0431,-0.0000,0.7740,0.0739,0.2900,1.5000,0.0000,0.0000,0.9527,5.0000,0.0100
5.7600,115.3534,0.9475,0.0552,17.0863,0.0943,0.0959,0.0431,-0.0000,0.7740,0.0739,0.2900,1.5000,0.0000,0.0000,0.9432,5.0000,0.0100
5.7700,115.5234,0.9481,0.0551,17.0003,0.0947,0.0950,0.0431,-0.0000,0.7740,0.0739,0.2900,1.5000,0.0000,0.0000,0.9338,5.0000,0.0100
5.7800,115.6925,0.9486,0.0551,16.9141,0.0951,0.0935,0.0431,-0.0000,0.7740,0.0739,0.2900,1.5000,0.0000,0.0000,0.9244,5.0000,0.0100
5.7900,115.8608,0.9492,0.0551,16.8279,0.0956,0.0990,0.0431,-0.0000,0.7740,0.0739,0.2900,1.5000,0.0000,0.0000,0.9151,5.0000,0.0100
5.8000,116.0282,0.9497,0.0550,16.7415,0.0960,0.0939,0.0431,-0.0000,0.7740,0.0739,0.2900,1.5000,0.0000,0.0000,0.9058,5.0000,0.0100
5.8100,116.1948,0.9503,0.0550,16.6551,0.0964,0.0948,0.0431,-0.0000,0.7740,0.0739,0.2900,1.5000,0.0000,0.0000,0.8965,5.0000,0.0100
5.8200,116.3605,0.9508,0.0549,16.5684,0.0969,0.0956,0.0431,-0.0000,0.7740,0.0739,0.2900,1.5000,0.0000,0.0000,0.8873,5.0000,0.0100
5.8300,116.5253,0.9514,0.0549,16.4817,0.0973,0.0989,0.0431,-0.0000,0.7740,0.0739,0.2900,1.5000,0.0000,0.0000,0.8781,5.0000,0.0100
5.8400,116.6892,0.9519,0.0549,16.3949,0.0977,0.0962,0.0431,-0.0000,0.7740,0.0739,0.2900,1.5000,0.0000,0.0000,0.8689,5.0000,0.0100
5.8500,116.8523,0.9525,0.0548,16.3079,0.0982,0.0956,0.0431,-0.0000,0.7740,0.0739,0.2900,1.5000,0.0000,0.0000,0.8598,5.0000,0.0100
5.8600,117.0145,0.9530,0.0548,16.2209,0.0986,0.0997,0.0431,-0.0000,0.7740,0.0739,0.2900,1.5000,0.0000,0.0000,0.8507,4.5883,0.0100
5.8700,117.1758,0.9536,0.0548,16.1337,0.0990,0.1001,0.0431,-0.0000,0.7740,0.0739,0.2900,1.5000,0.0000,0.0000,0.8416,5.0000,0.0100
5.8800,117.3363,0.9541,0.0547,16.0463,0.0994,0.1004,0.0431,-0.0000,0.7740,0.0739,0.2900,1.5000,0.0000,0.0000,0.8326,5.0000,0.0100
5.8900,117.4959,0.9546,0.0547,15.9589,0.0999,0.0975,0.0431,-0.0000,0.7740,0.0739,0.2900,1.5000,0.0000,0.0000,0.8236,5.0000,0.0100
5.9000,117.6546,0.9552,0.0547,15.8714,0.1003,0.0996,0.0431,-0.0000,0.7740,0.0739,0.2900,1.5000,0.0000,0.0000,0.8147,5.0000,0.0100
5.9100,117.8124,0.9557,0.0546,15.7837,0.1007,0.1007,0.0431,-0.0000,0.7740,0.0739,0.2900,1.5000,0.0000,0.0000,0.8057,5.0000,0.0100
5.9200,117.9694,0.9563,0.0546,15.6960,0.1012,0.1023,0.0431,-0.0000,0.7740,0.0739,0.2900,1.5000,0.0000,0.0000,0.7969,5.0000,0.0100
5.9300,118.1255,0.9568,0.0545,15.6081,0.1016,0.1010,0.0431,-0.0000,0.7740,0.0739,0.2900,1.5000,0.0000,0.0000,0.7880,5.0000,0.0100
5.9400,118.2807,0.9574,0.0545,15.5201,0.1020,0.0961,0.0431,-0.0000,0.7740,0.0739,0.2900,1.5000,0.0000,0.0000,0.7792,5.0000,0.0100
5.9500,118.4350,0.9579,0.0545,15.4320,0.1025,0.1041,0.0431,-0.0000,0.7740,0.0739,0.2900,1.5000,0.0000,0.0000,0.7705,5.0000,0.0100
5.9600,118.5884,0.9585,0.0544,15.3437,0.1029,0.1029,0.0431,-0.0000,0.7740,0.0739,0.2900,1.5000,0.0000,0.0000,0.7617,5.0000,0.0100
5.9700,118.7410,0.9590,0.0544,15.2554,0.1033,0.1051,0.0431,-0.0000,0.7740,0.0739,0.2900,1.5000,0.0000,0.0000,0.7531,5.0000,0.0100
5.9800,118.8927,0.9596,0.0544,15.1669,0.1038,0.1066,0.0431,-0.0000,0.7740,0.0739,0.2900,1.5000,0.0000,0.0000,0.7444,5.0000,0.0100
5.9900,119.0434,0.9601,0.0543,15.0784,0.1042,0.1056,0.0431,-0.0000,0.7740,0.0739,0.2900,1.5000,0.0000,0.0000,0.7358,5.0000,0.0100
6.0000,119.1933,0.9606,0.0543,14.9897,0.1046,0.1039,0.0431,-0.0000,0.7740,0.0739,0.2900,1.5000,0.0000,0.0000,0.7272,5.0000,0.0100
6.0100,119.3424,0.9612,0.0543,14.9009,0.1051,0.1047,0.0431,-0.0000,0.7740,0.0739,0.2900,1.5000,0.0000,0.0000,0.7187,5.0000,0.0100
6.0200,119.4905,0.9617,0.0542,14.8120,0.1055,0.1041,0.0431,-0.0000,0.7740,0.0739,0.2900,1.5000,0.0000,0.0000,0.7102,5.0000,0.0100
6.0300,119.6377,0.9623,0.0542,14.7230,0.1059,0.1049,0.0431,-0.0000,0.7740,0.0739,0.2900,1.5000,0.0000,0.0000,0.7018,5.0000,0.0100
6.0400,119.7840,0.9628,0.0542,14.6339,0.1063,0.1065,0.0431,-0.0000,0.7740,0.0739,0.2900,1.5000,0.0000,0.0000,0.6934,5.0000,0.0100
6.0500,119.9295,0.9634,0.0541,14.5447,0.1068,0.1091,0.0431,-0.0000,0.7740,0.0739,0.2900,1.5000,0.0000,0.0000,0.6850,5.0000,0.0100
6.0600,120.0740,0.9639,0.0541,14.4554,0.1072,0.1087,0.0431,-0.0000,0.7740,0.0739,0.2900,1.5000,0.0000,0.0000,0.6767,5.0000,0.0100
6.0700,120.2177,0.9644,0.0541,14.3660,0.1076,0.1084,0.0431,-0.0000,0.7740,0.0739,0.2900,1.5000,0.0000,0.0000,0.6684,5.0000,0.0100
6.0800,120.3605,0.9650,0.0540,14.2764,0.1081,0.1082,0.0431,-0.0000,0.7740,0.0739,0.2900,1.5000,0.0000,0.0000,0.6601,5.0000,0.0100
6.0900,120.5023,0.9655,0.0540,14.1868,0.1085,0.1087,0.0431,-0.0000,0.7740,0.0739,0.2900,1.5000,0.0000,0.0000,0.6519,5.0000,0.0100
6.1000,120.6433,0.9661,0.0540,14.0970,0.1089,0.1088,0.0431,-0.0000,0.7740,0.0739,0.2900,1.5000,0.0000,0.0000,0.6438,5.0000,0.0100
6.1100,120.7834,0.9666,0.0539,14.0072,0.1094,0.1096,0.0431,-0.0000,0.7740,0.0739,0.2900,1.5000,0.0000,0.0000,0.6357,5.0000,0.0100
6.1200,120.9226,0.9671,0.0539,13.9172,0.1098,0.1092,0.0431,-0.0000,0.7740,0.0739,0.2900,1.5000,0.0000,0.0000,0.6276,5.0000,0.0100
6.1300,121.0608,0.9677,0.0539,13.8272,0.1102,0.1085,0.0431,-0.0000,0.7740,0.0739,0.2900,1.5000,0.0000,0.0000,0.6195,5.0000,0.0100
6.1400,121.1982,0.9682,0.0539,13.7370,0.1107,0.1111,0.0431,-0.0000,0.7740,0.0739,0.2900,1.5000,0.0000,0.0000,0.6116,5.0000,0.0100
6.1500,121.3347,0.9687,0.0538,13.6467,0.1111,0.1142,0.0431,-0.0000,0.7740,0.0739,0.2900,1.5000,0.0000,0.0000,0.6036,5.0000,0.0100
6.1600,121.4702,0.9693,0.0538,13.5564,0.1115,0.1116,0.0431,-0.0000,0.7740,0.0739,0.2900,1.5000,0.0000,0.0000,0.5957,5.0000,0.0100
6.1700,121.6049,0.9698,0.0538,13.4659,0.1120,0.1137,0.0431,-0.0000,0.7740,0.0739,0.2900,1.5000,0.0000,0.0000,0.5878,5.0000,0.0100
6.1800,121.7386,0.9704,0.0537,13.3753,0.1124,0.1101,0.0431,-0.0000,0.7740,0.0739,0.2900,1.5000,0.0000,0.0000,0.5800,5.0000,0.0100
6.1900,121.8715,0.9709,0.0537,13.2846,0.1128,0.1108,0.0431,-0.0000,0.7740,0.0739,0.2900,1.5000,0.0000,0.0000,0.5722,5.0000,0.0100
6.2000,122.0034,0.9714,0.0537,13.1939,0.1132,0.1136,0.0431,-0.0000,0.7740,0.0739,0.2900,1.5000,0.0000,0.0000,0.5645,5.0000,0.0100
6.2100,122.1345,0.9720,0.0536,13.1030,0.1137,0.1119,0.0431,-0.0000,0.7740,0.0739,0.2900,1.5000,0.0000,0.0000,0.5568,5.0000,0.0100
6.2200,122.2646,0.9725,0.0536,13.0120,0.1141,0.1150,0.0431,-0.0000,0.7740,0.0739,0.2900,1.5000,0.0000,0.0000,0.5492,5.0000,0.0100
6.2300,122.3938,0.9730,0.0536,12.9210,0.1145,0.1168,0.0431,-0.0000,0.7740,0.0739,0.2900,1.5000,0.0000,0.0000,0.5416,5.0000,0.0100
6.2400,122.5221,0.9736,0.0536,12.8298,0.1150,0.1133,0.0431,-0.0000,0.7740,0.0739,0.2900,1.5000,0.0000,0.0000,0.5340,5.0000,0.0100
6.2500,122.6495,0.9741,0.0535,12.7385,0.1154,0.1174,0.0431,-0.0000,0.7740,0.0739,0.2900,1.5000,0.0000,0.0000,0.5265,5.0000,0.0100
6.2600,122.7759,0.9746,0.0535,12.6472,0.1158,0.1164,0.0431,-0.0000,0.7740,0.0739,0.2900,1.5000,0.0000,0.0000,0.5190,5.0000,0.0100
6.2700,122.9015,0.9752,0.0535,12.5557,0.1163,0.1171,0.0431,-0.0000,0.7740,0.0739,0.2900,1.5000,0.0000,0.0000,0.5116,5.0000,0.0100
6.2800,123.0261,0.9757,0.0534,12.4642,0.1167,0.1159,0.0431,-0.0000,0.7740,0.0739,0.2900,1.5000,0.0000,0.0000,0.5043,5.0000,0.0100
6.2900,123.1499,0.9763,0.0534,12.3725,0.1171,0.1184,0.0431,-0.0000,0.7740,0.0739,0.2900,1.5000,0.0000,0.0000,0.4969,5.0000,0.0100
6.3000,123.2727,0.9768,0.0534,12.2808,0.1176,0.1154,0.0431,-0.0000,0.7740,0.0739,0.2900,1.5000,0.0000,0.0000,0.4896,5.0000,0.0100
6.3100,123.3946,0.9773,0.0534,12.1889,0.1180,0.1188,0.0431,-0.0000,0.7740,0.0739,0.2900,1.5000,0.0000,0.0000,0.4824,5.0000,0.0100
6.3200,123.5155,0.9779,0.0533,12.0970,0.1184,0.1205,0.0431,-0.0000,0.7740,0.0739,0.2900,1.5000,0.0000,0.0000,0.4752,5.0000,0.0100
6.3300,123.6356,0.9784,0.0533,12.0050,0.1189,0.1194,0.0431,-0.0000,0.7740,0.0739,0.2900,1.5000,0.0000,0.0000,0.4681,5.0000,0.0100
6.3400,123.7547,0.9789,0.0533,11.9129,0.1193,0.1200,0.0431,-0.0000,0.7740,0.0739,0.2900,1.5000,0.0000,0.0000,0.4610,5.0000,0.0100
6.3500,123.8729,0.9795,0.0533,11.8207,0.1197,0.1207,0.0431,-0.0000,0.7740,0.0739,0.2900,1.5000,0.0000,0.0000,0.4539,5.0000,0.0100
6.3600,123.9902,0.9800,0.0532,11.7284,0.1201,0.1217,0.0431,-0.0000,0.7740,0.0739,0.2900,1.5000,0.0000,0.0000,0.4469,5.0000,0.0100
6.3700,124.1066,0.9805,0.0532,11.6360,0.1206,0.1200,0.0431,-0.0000,0.7740,0.0739,0.2900,1.5000,0.0000,0.0000,0.4400,5.0000,0.0100
6.3800,124.2220,0.9810,0.0532,11.5435,0.1210,0.1234,0.0431,-0.0000,0.7740,0.0739,0.2900,1.5000,0.0000,0.0000,0.4331,5.0000,0.0100
6.3900,124.3365,0.9816,0.0532,11.4510,0.1214,0.1209,0.0431,-0.0000,0.7740,0.0739,0.2900,1.5000,0.0000,0.0000,0.4262,5.0000,0.0100
6.4000,124.4501,0.9821,0.0531,11.3583,0.1219,0.1231,0.0431,-0.0000,0.7740,0.0739,0.2900,1.5000,0.0000,0.0000,0.4194,5.0000,0.0100
6.4100,124.5627,0.9826,0.0531,11.2656,0.1223,0.1238,0.0431,-0.0000,0.7740,0.0739,0.2900,1.5000,0.0000,0.0000,0.4127,5.0000,0.0100
6.4200,124.6745,0.9832,0.0531,11.1728,0.1227,0.1219,0.0431,-0.0000,0.7740,0.0739,0.2900,1.5000,0.0000,0.0000,0.4060,5.0000,0.0100
6.4300,124.7853,0.9837,0.0531,11.0799,0.1232,0.1240,0.0431,-0.0000,0.7740,0.0739,0.2900,1.5000,0.0000,0.0000,0.3993,5.0000,0.0100
6.4400,124.8951,0.9842,0.0530,10.9869,0.1236,0.1247,0.0431,-0.0000,0.7740,0.0739,0.2900,1.5000,0.0000,0.0000,0.3927,5.0000,0.0100
6.4500,125.0041,0.9848,0.0530,10.8938,0.1240,0.1232,0.0431,-0.0000,0.7740,0.0739,0.2900,1.5000,0.0000,0.0000,0.3861,5.0000,0.0100
6.4600,125.1121,0.9853,0.0530,10.8006,0.1245,0.1234,0.0431,-0.0000,0.7740,0.0739,0.2900,1.5000,0.0000,0.0000,0.3796,5.0000,0.0100
6.4700,125.2192,0.9858,0.0530,10.7074,0.1249,0.1226,0.0431,-0.0000,0.7740,0.0739,0.2900,1.5000,0.0000,0.0000,0.3731,5.0000,0.0100
6.4800,125.3253,0.9864,0.0529,10.6141,0.1253,0.1236,0.0431,-0.0000,0.7740,0.0739,0.2900,1.5000,0.0000,0.0000,0.3667,5.0000,0.0100
6.4900,125.4305,0.9869,0.0529,10.5206,0.1258,0.1269,0.0431,-0.0000,0.7740,0.0739,0.2900,1.5000,0.0000,0.0000,0.3604,5.0000,0.0100
6.5000,125.5348,0.9874,0.0529,10.4271,0.1262,0.1265,0.0431,-0.0000,0.7740,0.0739,0.2900,1.5000,0.0000,0.0000,0.3540,5.0000,0.0100
6.5100,125.6381,0.9879,0.0529,10.3336,0.1266,0.1286,0.0431,-0.0000,0.7740,0.0739,0.2900,1.5000,0.0000,0.0000,0.3478,5.0000,0.0100
6.5200,125.7405,0.9885,0.0528,10.2399,0.1270,0.1283,0.0431,-0.0000,0.7740,0.0739,0.2900,1.5000,0.0000,0.0000,0.3416,5.0000,0.0100
6.5300,125.8420,0.9890,0.0528,10.1462,0.1275,0.1301,0.0431,-0.0000,0.7740,0.0739,0.2900,1.5000,0.0000,0.0000,0.3354,5.0000,0.0100
6.5400,125.9425,0.9895,0.0528,10.0524,0.1279,0.1281,0.0431,-0.0000,0.7740,0.0739,0.2900,1.5000,0.0000,0.0000,0.3293,5.0000,0.0100
6.5500,126.0421,0.9901,0.0528,9.9585,0.1283,0.1266,0.0431,-0.0000,0.7740,0.0739,0.2900,1.5000,0.0000,0.0000,0.3232,5.0000,0.0100
6.5600,126.1407,0.9906,0.0528,9.8645,0.1288,0.1287,0.0431,-0.0000,0.7740,0.0739,0.2900,1.5000,0.0000,0.0000,0.3172,5.0000,0.0100
6.5700,126.2384,0.9911,0.0527,9.7705,0.1292,0.1285,0.0431,-0.0000,0.7740,0.0739,0.2900,1.5000,0.0000,0.0000,0.3113,5.0000,0.0100
6.5800,126.3352,0.9916,0.0527,9.6764,0.1296,0.1294,0.0431,-0.0000,0.7740,0.0739,0.2900,1.5000,0.0000,0.0000,0.3054,5.0000,0.0100
6.5900,126.4310,0.9922,0.0527,9.5822,0.1301,0.1299,0.0431,-0.0000,0.7740,0.0739,0.2900,1.5000,0.0000,0.0000,0.2995,5.0000,0.0100
6.6000,126.5259,0.9927,0.0527,9.4879,0.1305,0.1326,0.0431,-0.0000,0.7740,0.0739,0.2900,1.5000,0.0000,0.0000,0.2937,5.0000,0.0100
6.6100,126.6198,0.9932,0.0527,9.3935,0.1309,0.1342,0.0431,-0.0000,0.7740,0.0739,0.2900,1.5000,0.0000,0.0000,0.2879,5.0000,0.0100
6.6200,126.7128,0.9937,0.0526,9.2991,0.1314,0.1273,0.0431,-0.0000,0.7740,0.0739,0.2900,1.5000,0.0000,0.0000,0.2822,5.0000,0.0100
6.6300,126.8049,0.9943,0.0526,9.2046,0.1318,0.1292,0.0431,-0.0000,0.7740,0.0739,0.2900,1.5000,0.0000,0.0000,0.2766,5.0000,0.0100
6.6400,126.8960,0.9948,0.0526,9.1101,0.1322,0.1316,0.0431,-0.0000,0.7740,0.0739,0.2900,1.5000,0.0000,0.0000,0.2710,5.0000,0.0100
6.6500,126.9861,0.9953,0.0526,9.0154,0.1327,0.1336,0.0431,-0.0000,0.7740,0.0739,0.2900,1.5000,0.0000,0.0000,0.2655,5.0000,0.0100
6.6600,127.0753,0.9958,0.0526,8.9207,0.1331,0.1331,0.0431,-0.0000,0.7740,0.0739,0.2900,1.5000,0.0000,0.0000,0.2600,5.0000,0.0100
6.6700,127.1636,0.9964,0.0525,8.8259,0.1335,0.1347,0.0431,-0.0000,0.7740,0.0739,0.2900,1.5000,0.0000,0.0000,0.2545,5.0000,0.0100
6.6800,127.2509,0.9969,0.0525,8.7311,0.1339,0.1336,0.0431,-0.0000,0.7740,0.0739,0.2900,1.5000,0.0000,0.0000,0.2492,5.0000,0.0100
6.6900,127.3373,0.9974,0.0525,8.6362,0.1344,0.1346,0.0431,-0.0000,0.7740,0.0739,0.2900,1.5000,0.0000,0.0000,0.2438,5.0000,0.0100
6.7000,127.4227,0.9979,0.0525,8.5412,0.1348,0.1395,0.0431,-0.0000,0.7740,0.0739,0.2900,1.5000,0.0000,0.0000,0.2386,5.0000,0.0100
6.7100,127.5071,0.9985,0.0525,8.4461,0.1352,0.1344,0.0431,-0.0000,0.7740,0.0739,0.2900,1.5000,0.0000,0.0000,0.2334,5.0000,0.0100
6.7200,127.5906,0.9990,0.0524,8.3510,0.1357,0.1333,0.0431,-0.0000,0.7740,0.0739,0.2900,1.5000,0.0000,0.0000,0.2282,5.0000,0.0100
6.7300,127.6732,0.9995,0.0524,8.2558,0.1361,0.1352,0.0431,-0.0000,0.7740,0.0739,0.2900,1.5000,0.0000,0.0000,0.2231,5.0000,0.0100
6.7400,127.7548,1.0000,0.0524,8.1606,0.1365,0.1362,0.0431,-0.0000,0.7740,0.0739,0.2900,1.5000,0.0000,0.0000,0.2180,5.0000,0.0100
6.7500,127.8355,1.0006,0.0524,8.0653,0.1370,0.1357,0.0431,-0.0000,0.7740,0.0739,0.2900,1.5000,0.0000,0.0000,0.2130,5.0000,0.0100
6.7600,127.9152,1.0011,0.0524,7.9699,0.1374,0.1352,0.0431,-0.0000,0.7740,0.0739,0.2900,1.5000,0.0000,0.0000,0.2081,5.0000,0.0100
6.7700,127.9939,1.0016,0.0523,7.8745,0.1378,0.1385,0.0431,-0.0000,0.7740,0.0739,0.2900,1.5000,0.0000,0.0000,0.2032,5.0000,0.0100
6.7800,128.0717,1.0021,0.0523,7.7789,0.1383,0.1376,0.0431,-0.0000,0.7740,0.0739,0.2900,1.5000,0.0000,0.0000,0.1983,5.0000,0.0100
6.7900,128.1485,1.0027,0.0523,7.6834,0.1387,0.1401,0.0431,-0.0000,0.7740,0.0739,0.2900,1.5000,0.0000,0.0000,0.1936,5.0000,0.0100
6.8000,128.2244,1.0032,0.0523,7.5878,0.1391,0.1401,0.0431,-0.0000,0.7740,0.0739,0.2900,1.5000,0.0000,0.0000,0.1888,5.0000,0.0100
6.8100,128.2993,1.0037,0.0523,7.4921,0.1396,0.1363,0.0431,-0.0000,0.7740,0.0739,0.2900,1.5000,0.0000,0.0000,0.1842,5.0000,0.0100
6.8200,128.3733,1.0042,0.0523,7.3963,0.1400,0.1408,0.0431,-0.0000,0.7740,0.0739,0.2900,1.5000,0.0000,0.0000,0.1795,5.0000,0.0100
6.8300,128.4463,1.0047,0.0523,7.3005,0.1404,0.1374,0.0431,-0.0000,0.7740,0.0739,0.2900,1.5000,0.0000,0.0000,0.1750,5.0000,0.0100
6.8400,128.5183,1.0053,0.0522,7.2047,0.1409,0.1397,0.0431,-0.0000,0.7740,0.0739,0.2900,1.5000,0.0000,0.0000,0.1705,5.0000,0.0100
6.8500,128.5894,1.0058,0.0522,7.1087,0.1413,0.1414,0.0431,-0.0000,0.7740,0.0739,0.2900,1.5000,0.0000,0.0000,0.1660,5.0000,0.0100
6.8600,128.6596,1.0063,0.0522,7.0128,0.1417,0.1453,0.0431,-0.0000,0.7740,0.0739,0.2900,1.5000,0.0000,0.0000,0.1616,5.0000,0.0100
6.8700,128.7287,1.0068,0.0522,6.9167,0.1421,0.1408,0.0431,-0.0000,0.7740,0.0739,0.2900,1.5000,0.0000,0.0000,0.1573,5.0000,0.0100
6.8800,128.7969,1.0074,0.0522,6.8206,0.1426,0.1435,0.0431,-0.0000,0.7740,0.0739,0.2900,1.5000,0.0000,0.0000,0.1530,5.0000,0.0100
6.8900,128.8642,1.0079,0.0522,6.7245,0.1430,0.1432,0.0431,-0.0000,0.7740,0.0739,0.2900,1.5000,0.0000,0.0000,0.1488,5.0000,0.0100
6.9000,128.9305,1.0084,0.0521,6.6283,0.1434,0.1420,0.0431,-0.0000,0.7740,0.0739,0.2900,1.5000,0.0000,0.0000,0.1446,5.0000,0.0100
6.9100,128.9958,1.0089,0.0521,6.5320,0.1439,0.1446,0.0431,-0.0000,0.7740,0.0739,0.2900,1.5000,0.0000,0.0000,0.1405,5.0000,0.0100
6.9200,129.0601,1.0094,0.0521,6.4357,0.1443,0.1483,0.0431,-0.0000,0.7740,0.0739,0.2900,1.5000,0.0000,0.0000,0.1365,5.0000,0.0100
6.9300,129.1235,1.0100,0.0521,6.3394,0.1447,0.1445,0.0431,-0.0000,0.7740,0.0739,0.2900,1.5000,0.0000,0.0000,0.1325,5.0000,0.0100
6.9400,129.1860,1.0105,0.0521,6.2430,0.1452,0.1448,0.0431,-0.0000,0.7740,0.0739,0.2900,1.5000,0.0000,0.0000,0.1285,5.0000,0.0100
6.9500,129.2474,1.0110,0.0521,6.1465,0.1456,0.1460,0.0431,-0.0000,0.7740,0.0739,0.2900,1.5000,0.0000,0.0000,0.1247,5.0000,0.0100
6.9600,129.3079,1.0115,0.0521,6.0500,0.1460,0.1444,0.0431,-0.0000,0.7740,0.0739,0.2900,1.5000,0.0000,0.0000,0.1208,5.0000,0.0100
6.9700,129.3675,1.0120,0.0520,5.9535,0.1465,0.1476,0.0431,-0.0000,0.7740,0.0739,0.2900,1.5000,0.0000,0.0000,0.1171,5.0000,0.0100
6.9800,129.4260,1.0126,0.0520,5.8569,0.1469,0.1439,0.0431,-0.0000,0.7740,0.0739,0.2900,1.5000,0.0000,0.0000,0.1134,5.0000,0.0100
6.9900,129.4836,1.0131,0.0520,5.7602,0.1473,0.1460,0.0431,-0.0000,0.7740,0.0739,0.2900,1.5000,0.0000,0.0000,0.1097,5.0000,0.0100
7.0000,129.5403,1.0136,0.0520,5.6635,0.1478,0.1489,0.0431,-0.0000,0.7740,0.0739,0.2900,1.5000,0.0000,0.0000,0.1061,5.0000,0.0100
7.0100,129.5959,1.0141,0.0520,5.5668,0.1482,0.1479,0.0431,-0.0000,0.7740,0.0739,0.2900,1.5000,0.0000,0.0000,0.1026,5.0000,0.0100
7.0200,129.6506,1.0146,0.0520,5.4700,0.1486,0.1514,0.0431,-0.0000,0.7740,0.0739,0.2900,1.5000,0.0000,0.0000,0.0991,5.0000,0.0100
7.0300,129.7044,1.0152,0.0520,5.3732,0.1490,0.1508,0.0431,-0.0000,0.7740,0.0739,0.2900,1.5000,0.0000,0.0000,0.0957,5.0000,0.0100
7.0400,129.7571,1.0157,0.0520,5.2763,0.1495,0.1489,0.0431,-0.0000,0.7740,0.0739,0.2900,1.5000,0.0000,0.0000,0.0924,5.0000,0.0100
7.0500,129.8089,1.0162,0.0520,5.1794,0.1499,0.1483,0.0431,-0.0000,0.7740,0.0739,0.2900,1.5000,0.0000,0.0000,0.0891,5.0000,0.0100
7.0600,129.8597,1.0167,0.0519,5.0824,0.1503,0.1487,0.0431,-0.0000,0.7740,0.0739,0.2900,1.5000,0.0000,0.0000,0.0858,5.0000,0.0100
7.0700,129.9096,1.0172,0.0519,4.9854,0.1508,0.1522,0.0431,-0.0000,0.7740,0.0739,0.2900,1.5000,0.0000,0.0000,0.0826,5.0000,0.0100
7.0800,129.9585,1.0178,0.0519,4.8884,0.1512,0.1523,0.0431,-0.0000,0.7740,0.0739,0.2900,1.5000,0.0000,0.0000,0.0795,5.0000,0.0100
7.0900,130.0064,1.0183,0.0519,4.7913,0.1516,0.1514,0.0431,-0.0000,0.7740,0.0739,0.2900,1.5000,0.0000,0.0000,0.0764,5.0000,0.0100
7.1000,130.0533,1.0188,0.0519,4.6942,0.1521,0.1539,0.0431,-0.0000,0.7740,0.0739,0.2900,1.5000,0.0000,0.0000,0.0734,5.0000,0.0100
7.1100,130.0993,1.0193,0.0519,4.5970,0.1525,0.1540,0.0431,-0.0000,0.7740,0.0739,0.2900,1.5000,0.0000,0.0000,0.0705,5.0000,0.0100
7.1200,130.1443,1.0198,0.0519,4.4998,0.1529,0.1539,0.0431,-0.0000,0.7740,0.0739,0.2900,1.5000,0.0000,0.0000,0.0676,5.0000,0.0100
7.1300,130.1883,1.0204,0.0519,4.4026,0.1534,0.1511,0.0431,-0.0000,0.7740,0.0739,0.2900,1.5000,0.0000,0.0000,0.0648,5.0000,0.0100
7.1400,130.2314,1.0209,0.0519,4.3053,0.1538,0.1536,0.0431,-0.0000,0.7740,0.0739,0.2900,1.5000,0.0000,0.0000,0.0620,5.0000,0.0100
7.1500,130.2735,1.0214,0.0519,4.2080,0.1542,0.1558,0.0431,-0.0000,0.7740,0.0739,0.2900,1.5000,0.0000,0.0000,0.0593,5.0000,0.0100
7.1600,130.3146,1.0219,0.0518,4.1107,0.1547,0.1553,0.0431,-0.0000,0.7740,0.0739,0.2900,1.5000,0.0000,0.0000,0.0566,5.0000,0.0100
7.1700,130.3547,1.0224,0.0518,4.0133,0.1551,0.1548,0.0431,-0.0000,0.7740,0.0739,0.2900,1.5000,0.0000,0.0000,0.0541,5.0000,0.0100
7.1800,130.3939,1.0230,0.0518,3.9159,0.1555,0.1559,0.0431,-0.0000,0.7740,0.0739,0.2900,1.5000,0.0000,0.0000,0.0515,5.0000,0.0100
7.1900,130.4320,1.0235,0.0518,3.8185,0.1559,0.1542,0.0431,-0.0000,0.7740,0.0739,0.2900,1.5000,0.0000,0.0000,0.0491,5.0000,0.0100
7.2000,130.4693,1.0240,0.0518,3.7210,0.1564,0.1583,0.0431,-0.0000,0.7740,0.0739,0.2900,1.5000,0.0000,0.0000,0.0466,5.0000,0.0100
7.2100,130.5055,1.0245,0.0518,3.6235,0.1568,0.1557,0.0431,-0.0000,0.7740,0.0739,0.2900,1.5000,0.0000,0.0000,0.0443,5.0000,0.0100
7.2200,130.5408,1.0250,0.0518,3.5260,0.1572,0.1566,0.0431,-0.0000,0.7740,0.0739,0.2900,1.5000,0.0000,0.0000,0.0420,5.0000,0.0100
7.2300,130.5750,1.0255,0.0518,3.4285,0.1577,0.1577,0.0431,-0.0000,0.7740,0.0739,0.2900,1.5000,0.0000,0.0000,0.0398,5.0000,0.0100
7.2400,130.6083,1.0261,0.0518,3.3309,0.1581,0.1578,0.0431,-0.0000,0.7740,0.0739,0.2900,1.5000,0.0000,0.0000,0.0376,5.0000,0.0100
7.2500,130.6407,1.0266,0.0518,3.2333,0.1585,0.1617,0.0431,-0.0000,0.7740,0.0739,0.2900,1.5000,0.0000,0.0000,0.0355,5.0000,0.0100
7.2600,130.6720,1.0271,0.0518,3.1356,0.1590,0.1561,0.0431,-0.0000,0.7740,0.0739,0.2900,1.5000,0.0000,0.0000,0.0334,5.0000,0.0100
7.2700,130.7024,1.0276,0.0518,3.0380,0.1594,0.1590,0.0431,-0.0000,0.7740,0.0739,0.2900,1.5000,0.0000,0.0000,0.0315,5.0000,0.0100
7.2800,130.7318,1.0281,0.0517,2.9403,0.1598,0.1571,0.0431,-0.0000,0.7740,0.0739,0.2900,1.5000,0.0000,0.0000,0.0295,5.0000,0.0100
7.2900,130.7602,1.0286,0.0517,2.8426,0.1603,0.1581,0.0431,-0.0000,0.7740,0.0739,0.2900,1.5000,0.0000,0.0000,0.0277,5.0000,0.0100
7.3000,130.7877,1.0292,0.0517,2.7448,0.1607,0.1629,0.0431,-0.0000,0.7740,0.0739,0.2900,1.5000,0.0000,0.0000,0.0258,5.0000,0.0100
7.3100,130.8142,1.0297,0.0517,2.6471,0.1611,0.1599,0.0431,-0.0000,0.7740,0.0739,0.2900,1.5000,0.0000,0.0000,0.0241,5.0000,0.0100
7.3200,130.8397,1.0302,0.0517,2.5493,0.1616,0.1617,0.0431,-0.0000,0.7740,0.0739,0.2900,1.5000,0.0000,0.0000,0.0224,5.0000,0.0100
7.3300,130.8642,1.0307,0.0517,2.4515,0.1620,0.1601,0.0431,-0.0000,0.7740,0.0739,0.2900,1.5000,0.0000,0.0000,0.0208,5.0000,0.0100
7.3400,130.8877,1.0312,0.0517,2.3537,0.1624,0.1640,0.0431,-0.0000,0.7740,0.0739,0.2900,1.5000,0.0000,0.0000,0.0192,5.0000,0.0100
7.3500,130.9103,1.0318,0.0517,2.2559,0.1628,0.1616,0.0431,-0.0000,0.7740,0.0739,0.2900,1.5000,0.0000,0.0000,0.0177,5.0000,0.0100
7.3600,130.9318,1.0323,0.0517,2.1580,0.1633,0.1598,0.0431,-0.0000,0.7740,0.0739,0.2900,1.5000,0.0000,0.0000,0.0163,5.0000,0.0100
7.3700,130.9524,1.0328,0.0517,2.0601,0.1637,0.1660,0.0431,-0.0000,0.7740,0.0739,0.2900,1.5000,0.0000,0.0000,0.0149,5.0000,0.0100
7.3800,130.9721,1.0333,0.0517,1.9622,0.1641,0.1666,0.0431,-0.0000,0.7740,0.0739,0.2900,1.5000,0.0000,0.0000,0.0136,5.0000,0.0100
7.3900,130.9907,1.0338,0.0517,1.8643,0.1646,0.1678,0.0431,-0.0000,0.7740,0.0739,0.2900,1.5000,0.0000,0.0000,0.0123,5.0000,0.0100
7.4000,131.0084,1.0343,0.0517,1.7664,0.1650,0.1642,0.0431,-0.0000,0.7740,0.0739,0.2900,1.5000,0.0000,0.0000,0.0111,5.0000,0.0100
7.4100,131.0251,1.0349,0.0517,1.6685,0.1654,0.1653,0.0431,-0.0000,0.7740,0.0739,0.2900,1.5000,0.0000,0.0000,0.0100,5.0000,0.0100
7.4200,131.0408,1.0354,0.0517,1.5705,0.1659,0.1677,0.0431,-0.0000,0.7740,0.0739,0.2900,1.5000,0.0000,0.0000,0.0089,5.0000,0.0100
7.4300,131.0555,1.0359,0.0517,1.4726,0.1663,0.1703,0.0431,-0.0000,0.7740,0.0739,0.2900,1.5000,0.0000,0.0000,0.0079,5.0000,0.0100
7.4400,131.0692,1.0364,0.0517,1.3746,0.1667,0.1657,0.0431,-0.0000,0.7740,0.0739,0.2900,1.5000,0.0000,0.0000,0.0069,5.0000,0.0100
7.4500,131.0820,1.0369,0.0517,1.2766,0.1672,0.1652,0.0431,-0.0000,0.7740,0.0739,0.2900,1.5000,0.0000,0.0000,0.0060,5.0000,0.0100
7.4600,131.0938,1.0374,0.0517,1.1786,0.1676,0.1685,0.0431,-0.0000,0.7740,0.0739,0.2900,1.5000,0.0000,0.0000,0.0052,5.0000,0.0100
7.4700,131.1046,1.0380,0.0517,1.0806,0.1680,0.1695,0.0431,-0.0000,0.7740,0.0739,0.2900,1.5000,0.0000,0.0000,0.0044,5.0000,0.0100
7.4800,131.1144,1.0385,0.0517,0.9826,0.1685,0.1705,0.0431,-0.0000,0.7740,0.0739,0.2900,1.5000,0.0000,0.0000,0.0037,5.0000,0.0100
7.4900,131.1233,1.0390,0.0517,0.8845,0.1689,0.1650,0.0431,-0.0000,0.7740,0.0739,0.2900,1.5000,0.0000,0.0000,0.0031,5.0000,0.0100
7.5000,131.1311,1.0395,0.0517,0.7865,0.1693,0.1659,0.0431,-0.0000,0.7740,0.0739,0.2900,1.5000,0.0000,0.0000,0.0025,5.0000,0.0100
7.5100,131.1380,1.0400,0.0517,0.6885,0.1697,0.1677,0.0431,-0.0000,0.7740,0.0739,0.2900,1.5000,0.0000,0.0000,0.0020,5.0000,0.0100
7.5200,131.1439,1.0405,0.0517,0.5904,0.1702,0.1735,0.0431,-0.0000,0.7740,0.0739,0.2900,1.5000,0.0000,0.0000,0.0015,5.0000,0.0100
7.5300,131.1488,1.0411,0.0517,0.4924,0.1706,0.1682,0.0431,-0.0000,0.7740,0.0739,0.2900,1.5000,0.0000,0.0000,0.0011,5.0000,0.0100
7.5400,131.1528,1.0416,0.0517,0.3943,0.1710,0.1724,0.0431,-0.0000,0.7740,0.0739,0.2900,1.5000,0.0000,0.0000,0.0008,5.0000,0.0100
7.5500,131.1558,1.0421,0.0517,0.2962,0.1715,0.1720,0.0431,-0.0000,0.7740,0.0739,0.2900,1.5000,0.0000,0.0000,0.0005,5.0000,0.0100
7.5600,131.1577,1.0426,0.0517,0.1982,0.1719,0.1715,0.0431,-0.0000,0.7740,0.0739,0.2900,1.5000,0.0000,0.0000,0.0003,5.0000,0.0100
7.5700,131.1587,1.0431,0.0517,0.1001,0.1723,0.1698,0.0431,-0.0000,0.7740,0.0739,0.2900,1.5000,0.0000,0.0000,0.0001,5.0000,0.0100
7.5800,131.1588,1.0436,0.0517,0.0021,0.1728,0.1715,0.0431,-0.0000,0.7740,0.0739,0.2900,1.5000,0.0000,0.0000,0.0000,5.0000,0.0100
7.5900,131.1578,1.0442,0.0517,-0.0960,0.1732,0.1740,0.0431,-0.0000,0.7740,0.0739,0.2900,1.5000,0.0000,0.0000,0.0000,5.0000,0.0100
7.6000,131.1559,1.0447,0.0517,-0.1941,0.1736,0.1733,0.0431,-0.0000,0.7740,0.0739,0.2900,1.5000,0.0000,0.0000,-0.0000,5.0000,0.0100
7.6100,131.1529,1.0452,0.0517,-0.2921,0.1741,0.1714,0.0431,-0.0000,0.7740,0.0739,0.2900,1.5000,0.0000,0.0000,-0.0001,5.0000,0.0100
7.6200,131.1490,1.0457,0.0517,-0.3902,0.1745,0.1744,0.0431,-0.0000,0.7740,0.0739,0.2900,1.5000,0.0000,0.0000,-0.0003,5.0000,0.0100
7.6300,131.1441,1.0462,0.0516,-0.4883,0.1749,0.1771,0.0431,-0.0000,0.7740,0.0739,0.2900,1.5000,0.0000,0.0000,-0.0005,5.0000,0.0100
7.6400,131.1383,1.0467,0.0516,-0.5864,0.1754,0.1782,0.0431,-0.0000,0.7740,0.0739,0.2900,1.5000,0.0000,0.0000,-0.0008,5.0000,0.0100
7.6500,131.1314,1.0473,0.0516,-0.6844,0.1758,0.1774,0.0431,-0.0000,0.7740,0.0739,0.2900,1.5000,0.0000,0.0000,-0.0011,5.0000,0.0100
7.6600,131.1236,1.0478,0.0516,-0.7825,0.1762,0.1773,0.0431,-0.0000,0.7740,0.0739,0.2900,1.5000,0.0000,0.0000,-0.0015,5.0000,0.0100
7.6700,131.1148,1.0483,0.0516,-0.8806,0.1766,0.1785,0.0431,-0.0000,0.7740,0.0739,0.2900,1.5000,0.0000,0.0000,-0.0020,5.0000,0.0100
7.6800,131.1050,1.0488,0.0516,-0.9787,0.1771,0.1751,0.0431,-0.0000,0.7740,0.0739,0.2900,1.5000,0.0000,0.0000,-0.0025,5.0000,0.0100
7.6900,131.0943,1.0493,0.0516,-1.0768,0.1775,0.1789,0.0431,-0.0000,0.7740,0.0739,0.2900,1.5000,0.0000,0.0000,-0.0031,5.0000,0.0100
7.7000,131.0825,1.0498,0.0516,-1.1749,0.1779,0.1773,0.0431,-0.0000,0.7740,0.0739,0.2900,1.5000,0.0000,0.0000,-0.0037,5.0000,0.0100
7.7100,131.0698,1.0503,0.0516,-1.2731,0.1784,0.1788,0.0431,-0.0000,0.7740,0.0739,0.2900,1.5000,0.0000,0.0000,-0.0044,5.0000,0.0100
7.7200,131.0561,1.0509,0.0516,-1.3712,0.1788,0.1782,0.0431,-0.0000,0.7740,0.0739,0.2900,1.5000,0.0000,0.0000,-0.0052,5.0000,0.0100
7.7300,131.0414,1.0514,0.0516,-1.4693,0.1792,0.1799,0.0431,-0.0000,0.7740,0.0739,0.2900,1.5000,0.0000,0.0000,-0.0060,5.0000,0.0100
7.7400,131.0257,1.0519,0.0516,-1.5675,0.1797,0.1796,0.0431,-0.0000,0.7740,0.0739,0.2900,1.5000,0.0000,0.0000,-0.0069,5.0000,0.0100
7.7500,131.0090,1.0524,0.0516,-1.6657,0.1801,0.1804,0.0431,-0.0000,0.7740,0.0739,0.2900,1.5000,0.0000,0.0000,-0.0079,5.0000,0.0100
7.7600,130.9914,1.0529,0.0516,-1.7638,0.1805,0.1820,0.0431,-0.0000,0.7740,0.0739,0.2900,1.5000,0.0000,0.0000,-0.0089,5.0000,0.0100
7.7700,130.9728,1.0534,0.0516,-1.8620,0.1810,0.1811,0.0431,-0.0000,0.7740,0.0739,0.2900,1.5000,0.0000,0.0000,-0.0100,5.0000,0.0100
7.7800,130.9532,1.0540,0.0516,-1.9603,0.1814,0.1810,0.0431,-0.0000,0.7740,0.0739,0.2900,1.5000,0.0000,0.0000,-0.0111,5.0000,0.0100
7.7900,130.9326,1.0545,0.0516,-2.0585,0.1818,0.1831,0.0431,-0.0000,0.7740,0.0739,0.2900,1.5000,0.0000,0.0000,-0.0123,5.0000,0.0100
7.8000,130.9110,1.0550,0.0516,-2.1567,0.1823,0.1806,0.0431,-0.0000,0.7740,0.0739,0.2900,1.5000,0.0000,0.0000,-0.0136,5.0000,0.0100
7.8100,130.8885,1.0555,0.0516,-2.2550,0.1827,0.1853,0.0431,-0.0000,0.7740,0.0739,0.2900,1.5000,0.0000,0.0000,-0.0149,5.0000,0.0100
7.8200,130.8649,1.0560,0.0516,-2.3533,0.1831,0.1833,0.0431,-0.0000,0.7740,0.0739,0.2900,1.5000,0.0000,0.0000,-0.0163,5.0000,0.0100
7.8300,130.8404,1.0565,0.0516,-2.4516,0.1835,0.1836,0.0431,-0.0000,0.7740,0.0739,0.2900,1.5000,0.0000,0.0000,-0.0177,5.0000,0.0100
7.8400,130.8149,1.0571,0.0516,-2.5499,0.1840,0.1845,0.0431,-0.0000,0.7740,0.0739,0.2900,1.5000,0.0000,0.0000,-0.0192,5.0000,0.0100
7.8500,130.7884,1.0576,0.0516,-2.6482,0.1844,0.1860,0.0431,-0.0000,0.7740,0.0739,0.2900,1.5000,0.0000,0.0000,-0.0208,5.0000,0.0100
7.8600,130.7610,1.0581,0.0516,-2.7466,0.1848,0.1829,0.0431,-0.0000,0.7740,0.0739,0.2900,1.5000,0.0000,0.0000,-0.0224,5.0000,0.0100
7.8700,130.7325,1.0586,0.0516,-2.8449,0.1853,0.1863,0.0431,-0.0000,0.7740,0.0739,0.2900,1.5000,0.0000,0.0000,-0.0241,5.0000,0.0100
7.8800,130.7031,1.0591,0.0516,-2.9433,0.1857,0.1859,0.0431,-0.0000,0.7740,0.0739,0.2900,1.5000,0.0000,0.0000,-0.0259,5.0000,0.0100
7.8900,130.6727,1.0596,0.0516,-3.0418,0.1861,0.1874,0.0431,-0.0000,0.7740,0.0739,0.2900,1.5000,0.0000,0.0000,-0.0277,5.0000,0.0100
7.9000,130.6413,1.0602,0.0515,-3.1402,0.1866,0.1850,0.0431,-0.0000,0.7740,0.0739,0.2900,1.5000,0.0000,0.0000,-0.0296,5.0000,0.0100
7.9100,130.6089,1.0607,0.0515,-3.2387,0.1870,0.1867,0.0431,-0.0000,0.7740,0.0739,0.2900,1.5000,0.0000,0.0000,-0.0315,5.0000,0.0100
7.9200,130.5755,1.0612,0.0515,-3.3372,0.1874,0.1869,0.0431,-0.0000,0.7740,0.0739,0.2900,1.5000,0.0000,0.0000,-0.0336,5.0000,0.0100
7.9300,130.5412,1.0617,0.0515,-3.4357,0.1879,0.1882,0.0431,-0.0000,0.7740,0.0739,0.2900,1.5000,0.0000,0.0000,-0.0356,5.0000,0.0100
7.9400,130.5058,1.0622,0.0515,-3.5343,0.1883,0.1871,0.0431,-0.0000,0.7740,0.0739,0.2900,1.5000,0.0000,0.0000,-0.0378,5.0000,0.0100
7.9500,130.4695,1.0627,0.0515,-3.6329,0.1887,0.1860,0.0431,-0.0000,0.7740,0.0739,0.2900,1.5000,0.0000,0.0000,-0.0400,5.0000,0.0100
7.9600,130.4322,1.0632,0.0515,-3.7315,0.1892,0.1889,0.0431,-0.0000,0.7740,0.0739,0.2900,1.5000,0.0000,0.0000,-0.0422,5.0000,0.0100
7.9700,130.3939,1.0638,0.0515,-3.8301,0.1896,0.1864,0.0431,-0.0000,0.7740,0.0739,0.2900,1.5000,0.0000,0.0000,-0.0445,5.0000,0.0100
7.9800,130.3546,1.0643,0.0515,-3.9288,0.1900,0.1915,0.0431,-0.0000,0.7740,0.0739,0.2900,1.5000,0.0000,0.0000,-0.0469,5.0000,0.0100
7.9900,130.3143,1.0648,0.0515,-4.0275,0.1904,0.1932,0.0431,-0.0000,0.7740,0.0739,0.2900,1.5000,0.0000,0.0000,-0.0494,5.0000,0.0100
8.0000,130.2730,1.0653,0.0515,-4.1262,0.1909,0.1908,0.0431,-0.0000,0.7740,0.0739,0.2900,1.5000,0.0000,0.0000,-0.0519,5.0000,0.0100
8.0100,130.2308,1.0658,0.0515,-4.2250,0.1913,0.1916,0.0431,-0.0000,0.7740,0.0739,0.2900,1.5000,0.0000,0.0000,-0.0545,5.0000,0.0100
8.0200,130.1876,1.0663,0.0515,-4.3238,0.1917,0.1914,0.0431,-0.0000,0.7740,0.0739,0.2900,1.5000,0.0000,0.0000,-0.0571,5.0000,0.0100
8.0300,130.1433,1.0668,0.0514,-4.4226,0.1922,0.1920,0.0431,-0.0000,0.7740,0.0739,0.2900,1.5000,0.0000,0.0000,-0.0598,5.0000,0.0100
8.0400,130.0981,1.0674,0.0514,-4.5215,0.1926,0.1956,0.0431,-0.0000,0.7740,0.0739,0.2900,1.5000,0.0000,0.0000,-0.0626,5.0000,0.0100
8.0500,130.0519,1.0679,0.0514,-4.6204,0.1930,0.1925,0.0431,-0.0000,0.7740,0.0739,0.2900,1.5000,0.0000,0.0000,-0.0654,5.0000,0.0100
8.0600,130.0047,1.0684,0.0514,-4.7194,0.1935,0.1926,0.0431,-0.0000,0.7740,0.0739,0.2900,1.5000,0.0000,0.0000,-0.0683,5.0000,0.0100
8.0700,129.9565,1.0689,0.0514,-4.8184,0.1939,0.1973,0.0431,-0.0000,0.7740,0.0739,0.2900,1.5000,0.0000,0.0000,-0.0712,5.0000,0.0100
8.0800,129.9074,1.0694,0.0514,-4.9174,0.1943,0.1954,0.0431,-0.0000,0.7740,0.0739,0.2900,1.5000,0.0000,0.0000,-0.0743,5.0000,0.0100
8.0900,129.8572,1.0699,0.0514,-5.0164,0.1948,0.1966,0.0431,-0.0000,0.7740,0.0739,0.2900,1.5000,0.0000,0.0000,-0.0773,5.0000,0.0100
8.1000,129.8060,1.0704,0.0514,-5.1156,0.1952,0.1957,0.0431,-0.0000,0.7740,0.0739,0.2900,1.5000,0.0000,0.0000,-0.0805,5.0000,0.0100
8.1100,129.7539,1.0710,0.0514,-5.2147,0.1956,0.1938,0.0431,-0.0000,0.7740,0.0739,0.2900,1.5000,0.0000,0.0000,-0.0837,5.0000,0.0100
8.1200,129.7008,1.0715,0.0514,-5.3139,0.1961,0.1926,0.0431,-0.0000,0.7740,0.0739,0.2900,1.5000,0.0000,0.0000,-0.0870,5.0000,0.0100
8.1300,129.6466,1.0720,0.0513,-5.4131,0.1965,0.1970,0.0431,-0.0000,0.7740,0.0739,0.2900,1.5000,0.0000,0.0000,-0.0903,5.0000,0.0100
8.1400,129.5915,1.0725,0.0513,-5.5124,0.1969,0.1960,0.0431,-0.0000,0.7740,0.0739,0.2900,1.5000,0.0000,0.0000,-0.0937,5.0000,0.0100
8.1500,129.5354,1.0730,0.0513,-5.6117,0.1974,0.1966,0.0431,-0.0000,0.7740,0.0739,0.2900,1.5000,0.0000,0.0000,-0.0972,5.0000,0.0100
8.1600,129.4783,1.0735,0.0513,-5.7111,0.1978,0.1965,0.0431,-0.0000,0.7740,0.0739,0.2900,1.5000,0.0000,0.0000,-0.1007,5.0000,0.0100
8.1700,129.4202,1.0740,0.0513,-5.8105,0.1982,0.1986,0.0431,-0.0000,0.7740,0.0739,0.2900,1.5000,0.0000,0.0000,-0.1043,5.0000,0.0100
8.1800,129.3611,1.0746,0.0513,-5.9100,0.1986,0.1998,0.0431,-0.0000,0.7740,0.0739,0.2900,1.5000,0.0000,0.0000,-0.1080,5.0000,0.0100
8.1900,129.3010,1.0751,0.0513,-6.0095,0.1991,0.1955,0.0431,-0.0000,0.7740,0.0739,0.2900,1.5000,0.0000,0.0000,-0.1117,5.0000,0.0100
8.2000,129.2399,1.0756,0.0513,-6.1090,0.1995,0.1973,0.0431,-0.0000,0.7740,0.0739,0.2900,1.5000,0.0000,0.0000,-0.1155,5.0000,0.0100
8.2100,129.1778,1.0761,0.0512,-6.2086,0.1999,0.2033,0.0431,-0.0000,0.7740,0.0739,0.2900,1.5000,0.0000,0.0000,-0.1194,5.0000,0.0100
8.2200,129.1147,1.0766,0.0512,-6.3083,0.2004,0.2000,0.0431,-0.0000,0.7740,0.0739,0.2900,1.5000,0.0000,0.0000,-0.1233,5.0000,0.0100
8.2300,129.0506,1.0771,0.0512,-6.4080,0.2008,0.2017,0.0431,-0.0000,0.7740,0.0739,0.2900,1.5000,0.0000,0.0000,-0.1273,5.0000,0.0100
8.2400,128.9856,1.0776,0.0512,-6.5078,0.2012,0.2030,0.0431,-0.0000,0.7740,0.0739,0.2900,1.5000,0.0000,0.0000,-0.1313,5.0000,0.0100
8.2500,128.9195,1.0781,0.0512,-6.6076,0.2017,0.1996,0.0431,-0.0000,0.7740,0.0739,0.2900,1.5000,0.0000,0.0000,-0.1355,5.0000,0.0100
8.2600,128.8524,1.0786,0.0512,-6.7075,0.2021,0.2015,0.0431,-0.0000,0.7740,0.0739,0.2900,1.5000,0.0000,0.0000,-0.1397,5.0000,0.0100
8.2700,128.7843,1.0792,0.0512,-6.8074,0.2025,0.2041,0.0431,-0.0000,0.7740,0.0739,0.2900,1.5000,0.0000,0.0000,-0.1439,5.0000,0.0100
8.2800,128.7153,1.0797,0.0511,-6.9074,0.2030,0.2042,0.0431,-0.0000,0.7740,0.0739,0.2900,1.5000,0.0000,0.0000,-0.1482,5.0000,0.0100
8.2900,128.6452,1.0802,0.0511,-7.0074,0.2034,0.2040,0.0431,-0.0000,0.7740,0.0739,0.2900,1.5000,0.0000,0.0000,-0.1526,5.0000,0.0100
8.3000,128.5741,1.0807,0.0511,-7.1075,0.2038,0.2058,0.0431,-0.0000,0.7740,0.0739,0.2900,1.5000,0.0000,0.0000,-0.1571,5.0000,0.0100
8.3100,128.5020,1.0812,0.0511,-7.2077,0.2043,0.2032,0.0431,-0.0000,0.7740,0.0739,0.2900,1.5000,0.0000,0.0000,-0.1616,5.0000,0.0100
8.3200,128.4290,1.0817,0.0511,-7.3079,0.2047,0.2061,0.0431,-0.0000,0.7740,0.0739,0.2900,1.5000,0.0000,0.0000,-0.1662,5.0000,0.0100
8.3300,128.3549,1.0822,0.0511,-7.4082,0.2051,0.2050,0.0431,-0.0000,0.7740,0.0739,0.2900,1.5000,0.0000,0.0000,-0.1708,5.0000,0.0100
8.3400,128.2798,1.0827,0.0511,-7.5085,0.2055,0.2069,0.0431,-0.0000,0.7740,0.0739,0.2900,1.5000,0.0000,0.0000,-0.1755,5.0000,0.0100
8.3500,128.2037,1.0832,0.0510,-7.6089,0.2060,0.2031,0.0431,-0.0000,0.7740,0.0739,0.2900,1.5000,0.0000,0.0000,-0.1803,5.0000,0.0100
8.3600,128.1266,1.0838,0.0510,-7.7093,0.2064,0.2064,0.0431,-0.0000,0.7740,0.0739,0.2900,1.5000,0.0000,0.0000,-0.1852,5.0000,0.0100
8.3700,128.0485,1.0843,0.0510,-7.8099,0.2068,0.2094,0.0431,-0.0000,0.7740,0.0739,0.2900,1.5000,0.0000,0.0000,-0.1901,5.0000,0.0100
8.3800,127.9694,1.0848,0.0510,-7.9105,0.2073,0.2085,0.0431,-0.0000,0.7740,0.0739,0.2900,1.5000,0.0000,0.0000,-0.1951,5.0000,0.0100
8.3900,127.8893,1.0853,0.0510,-8.0111,0.2077,0.2074,0.0431,-0.0000,0.7740,0.0739,0.2900,1.5000,0.0000,0.0000,-0.2002,5.0000,0.0100
8.4000,127.8082,1.0858,0.0510,-8.1118,0.2081,0.2068,0.0431,-0.0000,0.7740,0.0739,0.2900,1.5000,0.0000,0.0000,-0.2053,5.0000,0.0100
8.4100,127.7260,1.0863,0.0509,-8.2126,0.2086,0.2067,0.0431,-0.0000,0.7740,0.0739,0.2900,1.5000,0.0000,0.0000,-0.2105,5.0000,0.0100
8.4200,127.6429,1.0868,0.0509,-8.3135,0.2090,0.2093,0.0431,-0.0000,0.7740,0.0739,0.2900,1.5000,0.0000,0.0000,-0.2157,5.0000,0.0100
8.4300,127.5588,1.0873,0.0509,-8.4144,0.2094,0.2103,0.0431,-0.0000,0.7740,0.0739,0.2900,1.5000,0.0000,0.0000,-0.2211,5.0000,0.0100
8.4400,127.4736,1.0878,0.0509,-8.5154,0.2099,0.2115,0.0431,-0.0000,0.7740,0.0739,0.2900,1.5000,0.0000,0.0000,-0.2265,5.0000,0.0100
8.4500,127.3874,1.0883,0.0509,-8.6164,0.2103,0.2126,0.0431,-0.0000,0.7740,0.0739,0.2900,1.5000,0.0000,0.0000,-0.2319,5.0000,0.0100
8.4600,127.3003,1.0889,0.0509,-8.7176,0.2107,0.2099,0.0431,-0.0000,0.7740,0.0739,0.2900,1.5000,0.0000,0.0000,-0.2375,5.0000,0.0100
8.4700,127.2121,1.0894,0.0508,-8.8188,0.2112,0.2111,0.0431,-0.0000,0.7740,0.0739,0.2900,1.5000,0.0000,0.0000,-0.2431,5.0000,0.0100
8.4800,127.1229,1.0899,0.0508,-8.9201,0.2116,0.2165,0.0431,-0.0000,0.7740,0.0739,0.2900,1.5000,0.0000,0.0000,-0.2488,5.0000,0.0100
8.4900,127.0327,1.0904,0.0508,-9.0214,0.2120,0.2132,0.0431,-0.0000,0.7740,0.0739,0.2900,1.5000,0.0000,0.0000,-0.2545,5.0000,0.0100
8.5000,126.9414,1.0909,0.0508,-9.1228,0.2124,0.2150,0.0431,-0.0000,0.7740,0.0739,0.2900,1.5000,0.0000,0.0000,-0.2603,5.0000,0.0100
8.5100,126.8492,1.0914,0.0508,-9.2244,0.2129,0.2109,0.0431,-0.0000,0.7740,0.0739,0.2900,1.5000,0.0000,0.0000,-0.2662,5.0000,0.0100
8.5200,126.7559,1.0919,0.0507,-9.3259,0.2133,0.2135,0.0431,-0.0000,0.7740,0.0739,0.2900,1.5000,0.0000,0.0000,-0.2722,5.0000,0.0100
8.5300,126.6617,1.0924,0.0507,-9.4276,0.2137,0.2132,0.0431,-0.0000,0.7740,0.0739,0.2900,1.5000,0.0000,0.0000,-0.2782,5.0000,0.0100
8.5400,126.5664,1.0929,0.0507,-9.5293,0.2142,0.2166,0.0431,-0.0000,0.7740,0.0739,0.2900,1.5000,0.0000,0.0000,-0.2843,5.0000,0.0100
8.5500,126.4701,1.0934,0.0507,-9.6312,0.2146,0.2164,0.0431,-0.0000,0.7740,0.0739,0.2900,1.5000,0.0000,0.0000,-0.2905,5.0000,0.0100
8.5600,126.3727,1.0939,0.0507,-9.7331,0.2150,0.2168,0.0431,-0.0000,0.7740,0.0739,0.2900,1.5000,0.0000,0.0000,-0.2967,5.0000,0.0100
8.5700,126.2744,1.0944,0.0506,-9.8350,0.2155,0.2147,0.0431,-0.0000,0.7740,0.0739,0.2900,1.5000,0.0000,0.0000,-0.3030,5.0000,0.0100
8.5800,126.1750,1.0949,0.0506,-9.9371,0.2159,0.2162,0.0431,-0.0000,0.7740,0.0739,0.2900,1.5000,0.0000,0.0000,-0.3094,5.0000,0.0100
8.5900,126.0746,1.0954,0.0506,-10.0392,0.2163,0.2148,0.0431,-0.0000,0.7740,0.0739,0.2900,1.5000,0.0000,0.0000,-0.3159,5.0000,0.0100
8.6000,125.9732,1.0960,0.0506,-10.1415,0.2168,0.2162,0.0431,-0.0000,0.7740,0.0739,0.2900,1.5000,0.0000,0.0000,-0.3224,5.0000,0.0100
8.6100,125.8708,1.0965,0.0506,-10.2438,0.2172,0.2153,0.0431,-0.0000,0.7740,0.0739,0.2900,1.5000,0.0000,0.0000,-0.3290,5.0000,0.0100
8.6200,125.7673,1.0970,0.0505,-10.3462,0.2176,0.2172,0.0431,-0.0000,0.7740,0.0739,0.2900,1.5000,0.0000,0.0000,-0.3357,5.0000,0.0100
8.6300,125.6628,1.0975,0.0505,-10.4487,0.2181,0.2199,0.0431,-0.0000,0.7740,0.0739,0.2900,1.5000,0.0000,0.0000,-0.3424,5.0000,0.0100
8.6400,125.5573,1.0980,0.0505,-10.5513,0.2185,0.2199,0.0431,-0.0000,0.7740,0.0739,0.2900,1.5000,0.0000,0.0000,-0.3492,5.0000,0.0100
8.6500,125.4508,1.0985,0.0505,-10.6539,0.2189,0.2196,0.0431,-0.0000,0.7740,0.0739,0.2900,1.5000,0.0000,0.0000,-0.3561,5.0000,0.0100
8.6600,125.3432,1.0990,0.0504,-10.7567,0.2193,0.2183,0.0431,-0.0000,0.7740,0.0739,0.2900,1.5000,0.0000,0.0000,-0.3631,5.0000,0.0100
8.6700,125.2346,1.0995,0.0504,-10.8595,0.2198,0.2175,0.0431,-0.0000,0.7740,0.0739,0.2900,1.5000,0.0000,0.0000,-0.3701,5.0000,0.0100
8.6800,125.1250,1.1000,0.0504,-10.9625,0.2202,0.2190,0.0431,-0.0000,0.7740,0.0739,0.2900,1.5000,0.0000,0.0000,-0.3772,5.0000,0.0100
8.6900,125.0143,1.1005,0.0504,-11.0655,0.2206,0.2212,0.0431,-0.0000,0.7740,0.0739,0.2900,1.5000,0.0000,0.0000,-0.3844,5.0000,0.0100
8.7000,124.9026,1.1010,0.0504,-11.1686,0.2211,0.2223,0.0431,-0.0000,0.7740,0.0739,0.2900,1.5000,0.0000,0.0000,-0.3917,5.0000,0.0100
8.7100,124.7899,1.1015,0.0503,-11.2719,0.2215,0.2197,0.0431,-0.0000,0.7740,0.0739,0.2900,1.5000,0.0000,0.0000,-0.3990,5.0000,0.0100
8.7200,124.6762,1.1020,0.0503,-11.3752,0.2219,0.2260,0.0431,-0.0000,0.7740,0.0739,0.2900,1.5000,0.0000,0.0000,-0.4064,5.0000,0.0100
8.7300,124.5614,1.1025,0.0503,-11.4786,0.2224,0.2243,0.0431,-0.0000,0.7740,0.0739,0.2900,1.5000,0.0000,0.0000,-0.4139,5.0000,0.0100
8.7400,124.4456,1.1030,0.0503,-11.5821,0.2228,0.2208,0.0431,-0.0000,0.7740,0.0739,0.2900,1.5000,0.0000,0.0000,-0.4214,5.0000,0.0100
8.7500,124.3287,1.1035,0.0502,-11.6857,0.2232,0.2264,0.0431,-0.0000,0.7740,0.0739,0.2900,1.5000,0.0000,0.0000,-0.4291,5.0000,0.0100
8.7600,124.2108,1.1040,0.0502,-11.7894,0.2237,0.2238,0.0431,-0.0000,0.7740,0.0739,0.2900,1.5000,0.0000,0.0000,-0.4368,5.0000,0.0100
8.7700,124.0919,1.1045,0.0502,-11.8932,0.2241,0.2257,0.0431,-0.0000,0.7740,0.0739,0.2900,1.5000,0.0000,0.0000,-0.4446,5.0000,0.0100
8.7800,123.9719,1.1050,0.0502,-11.9971,0.2245,0.2242,0.0431,-0.0000,0.7740,0.0739,0.2900,1.5000,0.0000,0.0000,-0.4524,5.0000,0.0100
8.7900,123.8509,1.1055,0.0501,-12.1012,0.2250,0.2225,0.0431,-0.0000,0.7740,0.0739,0.2900,1.5000,0.0000,0.0000,-0.4604,5.0000,0.0100
8.8000,123.7288,1.1060,0.0501,-12.2053,0.2254,0.2267,0.0431,-0.0000,0.7740,0.0739,0.2900,1.5000,0.0000,0.0000,-0.4684,5.0000,0.0100
8.8100,123.6057,1.1065,0.0501,-12.3095,0.2258,0.2252,0.0431,-0.0000,0.7740,0.0739,0.2900,1.5000,0.0000,0.0000,-0.4765,5.0000,0.0100
8.8200,123.4816,1.1070,0.0501,-12.4138,0.2262,0.2221,0.0431,-0.0000,0.7740,0.0739,0.2900,1.5000,0.0000,0.0000,-0.4847,5.0000,0.0100
8.8300,123.3564,1.1075,0.0500,-12.5183,0.2267,0.2250,0.0431,-0.0000,0.7740,0.0739,0.2900,1.5000,0.0000,0.0000,-0.4929,5.0000,0.0100
8.8400,123.2302,1.1080,0.0500,-12.6228,0.2271,0.2271,0.0431,-0.0000,0.7740,0.0739,0.2900,1.5000,0.0000,0.0000,-0.5013,5.0000,0.0100
8.8500,123.1029,1.1085,0.0500,-12.7275,0.2275,0.2312,0.0431,-0.0000,0.7740,0.0739,0.2900,1.5000,0.0000,0.0000,-0.5097,5.0000,0.0100
8.8600,122.9746,1.1090,0.0500,-12.8322,0.2280,0.2282,0.0431,-0.0000,0.7740,0.0739,0.2900,1.5000,0.0000,0.0000,-0.5181,5.0000,0.0100
8.8700,122.8452,1.1095,0.0499,-12.9371,0.2284,0.2253,0.0431,-0.0000,0.7740,0.0739,0.2900,1.5000,0.0000,0.0000,-0.5267,5.0000,0.0100
8.8800,122.7148,1.1100,0.0499,-13.0421,0.2288,0.2295,0.0431,-0.0000,0.7740,0.0739,0.2900,1.5000,0.0000,0.0000,-0.5354,5.0000,0.0100
8.8900,122.5833,1.1105,0.0499,-13.1472,0.2293,0.2290,0.0431,-0.0000,0.7740,0.0739,0.2900,1.5000,0.0000,0.0000,-0.5441,5.0000,0.0100
8.9000,122.4508,1.1110,0.0499,-13.2524,0.2297,0.2259,0.0431,-0.0000,0.7740,0.0739,0.2900,1.5000,0.0000,0.0000,-0.5529,5.0000,0.0100
8.9100,122.3172,1.1115,0.0498,-13.3577,0.2301,0.2289,0.0431,-0.0000,0.7740,0.0739,0.2900,1.5000,0.0000,0.0000,-0.5618,5.0000,0.0100
8.9200,122.1826,1.1120,0.0498,-13.4631,0.2306,0.2320,0.0431,-0.0000,0.7740,0.0739,0.2900,1.5000,0.0000,0.0000,-0.5707,5.0000,0.0100
8.9300,122.0469,1.1125,0.0498,-13.5687,0.2310,0.2327,0.0431,-0.0000,0.7740,0.0739,0.2900,1.5000,0.0000,0.0000,-0.5798,5.0000,0.0100
8.9400,121.9102,1.1130,0.0497,-13.6744,0.2314,0.2312,0.0431,-0.0000,0.7740,0.0739,0.2900,1.5000,0.0000,0.0000,-0.5889,5.0000,0.0100
8.9500,121.7724,1.1135,0.0497,-13.7802,0.2319,0.2344,0.0431,-0.0000,0.7740,0.0739,0.2900,1.5000,0.0000,0.0000,-0.5981,5.0000,0.0100
8.9600,121.6335,1.1140,0.0497,-13.8861,0.2323,0.2339,0.0431,-0.0000,0.7740,0.0739,0.2900,1.5000,0.0000,0.0000,-0.6074,5.0000,0.0100
8.9700,121.4936,1.1145,0.0497,-13.9921,0.2327,0.2345,0.0431,-0.0000,0.7740,0.0739,0.2900,1.5000,0.0000,0.0000,-0.6168,5.0000,0.0100
8.9800,121.3526,1.1150,0.0496,-14.0983,0.2331,0.2334,0.0431,-0.0000,0.7740,0.0739,0.2900,1.5000,0.0000,0.0000,-0.6262,5.0000,0.0100
8.9900,121.2106,1.1155,0.0496,-14.2046,0.2336,0.2300,0.0431,-0.0000,0.7740,0.0739,0.2900,1.5000,0.0000,0.0000,-0.6358,5.0000,0.0100
9.0000,121.0674,1.1160,0.0496,-14.3110,0.2340,0.2380,0.0431,-0.0000,0.7740,0.0739,0.2900,1.5000,0.0000,0.0000,-0.6454,5.0000,0.0100
9.0100,120.9233,1.1165,0.0495,-14.4175,0.2344,0.2300,0.0431,-0.0000,0.7740,0.0739,0.2900,1.5000,0.0000,0.0000,-0.6551,5.0000,0.0100
9.0200,120.7780,1.1170,0.0495,-14.5242,0.2349,0.2343,0.0431,-0.0000,0.7740,0.0739,0.2900,1.5000,0.0000,0.0000,-0.6649,5.0000,0.0100
9.0300,120.6317,1.1175,0.0495,-14.6309,0.2353,0.2331,0.0431,-0.0000,0.7740,0.0739,0.2900,1.5000,0.0000,0.0000,-0.6748,5.0000,0.0100
9.0400,120.4843,1.1180,0.0495,-14.7378,0.2357,0.2380,0.0431,-0.0000,0.7740,0.0739,0.2900,1.5000,0.0000,0.0000,-0.6847,5.0000,0.0100
9.0500,120.3359,1.1185,0.0494,-14.8449,0.2362,0.2386,0.0431,-0.0000,0.7740,0.0739,0.2900,1.5000,0.0000,0.0000,-0.6948,5.0000,0.0100
9.0600,120.1864,1.1190,0.0494,-14.9521,0.2366,0.2379,0.0431,-0.0000,0.7740,0.0739,0.2900,1.5000,0.0000,0.0000,-0.7049,5.0000,0.0100
9.0700,120.0358,1.1194,0.0494,-15.0594,0.2370,0.2370,0.0431,-0.0000,0.7740,0.0739,0.2900,1.5000,0.0000,0.0000,-0.7151,5.0000,0.0100
9.0800,119.8841,1.1199,0.0493,-15.1668,0.2375,0.2364,0.0431,-0.0000,0.7740,0.0739,0.2900,1.5000,0.0000,0.0000,-0.7254,5.0000,0.0100
9.0900,119.7314,1.1204,0.0493,-15.2744,0.2379,0.2390,0.0431,-0.0000,0.7740,0.0739,0.2900,1.5000,0.0000,0.0000,-0.7358,5.0000,0.0100
9.1000,119.5775,1.1209,0.0493,-15.3821,0.2383,0.2397,0.0431,-0.0000,0.7740,0.0739,0.2900,1.5000,0.0000,0.0000,-0.7463,5.0000,0.0100
9.1100,119.4226,1.1214,0.0492,-15.4899,0.2388,0.2360,0.0431,-0.0000,0.7740,0.0739,0.2900,1.5000,0.0000,0.0000,-0.7568,5.0000,0.0100
9.1200,119.2667,1.1219,0.0492,-15.5979,0.2392,0.2407,0.0431,-0.0000,0.7740,0.0739,0.2900,1.5000,0.0000,0.0000,-0.7675,5.0000,0.0100
9.1300,119.1096,1.1224,0.0492,-15.7060,0.2396,0.2401,0.0431,-0.0000,0.7740,0.0739,0.2900,1.5000,0.0000,0.0000,-0.7782,5.0000,0.0100
9.1400,118.9515,1.1229,0.0491,-15.8143,0.2400,0.2395,0.0431,-0.0000,0.7740,0.0739,0.2900,1.5000,0.0000,0.0000,-0.7890,5.0000,0.0100
9.1500,118.7922,1.1234,0.0491,-15.9227,0.2405,0.2412,0.0431,-0.0000,0.7740,0.0739,0.2900,1.5000,0.0000,0.0000,-0.8000,5.0000,0.0100
9.1600,118.6319,1.1239,0.0491,-16.0312,0.2409,0.2390,0.0431,-0.0000,0.7740,0.0739,0.2900,1.5000,0.0000,0.0000,-0.8110,5.0000,0.0100
9.1700,118.4705,1.1244,0.0490,-16.1399,0.2413,0.2392,0.0431,-0.0000,0.7740,0.0739,0.2900,1.5000,0.0000,0.0000,-0.8221,5.0000,0.0100
9.1800,118.3080,1.1249,0.0490,-16.2488,0.2418,0.2398,0.0431,-0.0000,0.7740,0.0739,0.2900,1.5000,0.0000,0.0000,-0.8332,5.0000,0.0100
9.1900,118.1445,1.1253,0.0490,-16.3577,0.2422,0.2441,0.0431,-0.0000,0.7740,0.0739,0.2900,1.5000,0.0000,0.0000,-0.8445,5.0000,0.0100
9.2000,117.9798,1.1258,0.0489,-16.4669,0.2426,0.2454,0.0431,-0.0000,0.7740,0.0739,0.2900,1.5000,0.0000,0.0000,-0.8559,5.0000,0.0100
9.2100,117.8140,1.1263,0.0489,-16.5761,0.2431,0.2450,0.0431,-0.0000,0.7740,0.0739,0.2900,1.5000,0.0000,0.0000,-0.8673,5.0000,0.0100
9.2200,117.6472,1.1268,0.0489,-16.6856,0.2435,0.2446,0.0431,-0.0000,0.7740,0.0739,0.2900,1.5000,0.0000,0.0000,-0.8789,5.0000,0.0100
9.2300,117.4792,1.1273,0.0488,-16.7951,0.2439,0.2425,0.0431,-0.0000,0.7740,0.0739,0.2900,1.5000,0.0000,0.0000,-0.8905,5.0000,0.0100
9.2400,117.3102,1.1278,0.0488,-16.9049,0.2444,0.2429,0.0431,-0.0000,0.7740,0.0739,0.2900,1.5000,0.0000,0.0000,-0.9023,5.0000,0.0100
9.2500,117.1400,1.1283,0.0488,-17.0147,0.2448,0.2452,0.0431,-0.0000,0.7740,0.0739,0.2900,1.5000,0.0000,0.0000,-0.9141,5.0000,0.0100
9.2600,116.9688,1.1288,0.0487,-17.1248,0.2452,0.2456,0.0431,-0.0000,0.7740,0.0739,0.2900,1.5000,0.0000,0.0000,-0.9260,5.0000,0.0100
9.2700,116.7964,1.1293,0.0487,-17.2349,0.2457,0.2464,0.0431,-0.0000,0.7740,0.0739,0.2900,1.5000,0.0000,0.0000,-0.9380,5.0000,0.0100
9.2800,116.6230,1.1297,0.0487,-17.3453,0.2461,0.2445,0.0431,-0.0000,0.7740,0.0739,0.2900,1.5000,0.0000,0.0000,-0.9501,5.0000,0.0100
9.2900,116.4484,1.1302,0.0486,-17.4558,0.2465,0.2469,0.0431,-0.0000,0.7740,0.0739,0.2900,1.5000,0.0000,0.0000,-0.9623,5.0000,0.0100
9.3000,116.2728,1.1307,0.0486,-17.5664,0.2469,0.2475,0.0431,-0.0000,0.7740,0.0739,0.2900,1.5000,0.0000,0.0000,-0.9746,5.0000,0.0100
9.3100,116.0960,1.1312,0.0486,-17.6773,0.2474,0.2469,0.0431,-0.0000,0.7740,0.0739,0.2900,1.5000,0.0000,0.0000,-0.9870,5.0000,0.0100
9.3200,115.9181,1.1317,0.0485,-17.7882,0.2478,0.2476,0.0431,-0.0000,0.7740,0.0739,0.2900,1.5000,0.0000,0.0000,-0.9995,5.0000,0.0100
9.3300,115.7391,1.1322,0.0485,-17.8994,0.2482,0.2475,0.0431,-0.0000,0.7740,0.0739,0.2900,1.5000,0.0000,0.0000,-1.0121,5.0000,0.0100
9.3400,115.5590,1.1327,0.0485,-18.0107,0.2487,0.2483,0.0431,-0.0000,0.7740,0.0739,0.2900,1.5000,0.0000,0.0000,-1.0248,5.0000,0.0100
9.3500,115.3778,1.1331,0.0484,-18.1222,0.2491,0.2489,0.0431,-0.0000,0.7740,0.0739,0.2900,1.5000,0.0000,0.0000,-1.0376,5.0000,0.0100
9.3600,115.1954,1.1336,0.0484,-18.2338,0.2495,0.2487,0.0431,-0.0000,0.7740,0.0739,0.2900,1.5000,0.0000,0.0000,-1.0505,5.0000,0.0100
9.3700,115.0120,1.1341,0.0484,-18.3456,0.2500,0.2511,0.0431,-0.0000,0.7740,0.0739,0.2900,1.5000,0.0000,0.0000,-1.0635,5.0000,0.0100
9.3800,114.8274,1.1346,0.0483,-18.4576,0.2504,0.2502,0.0431,-0.0000,0.7740,0.0739,0.2900,1.5000,0.0000,0.0000,-1.0765,5.0000,0.0100
9.3900,114.6417,1.1351,0.0483,-18.5697,0.2508,0.2515,0.0431,-0.0000,0.7740,0.0739,0.2900,1.5000,0.0000,0.0000,-1.0897,5.0000,0.0100
9.4000,114.4549,1.1356,0.0482,-18.6821,0.2513,0.2498,0.0431,-0.0000,0.7740,0.0739,0.2900,1.5000,0.0000,0.0000,-1.1030,5.0000,0.0100
9.4100,114.2669,1.1360,0.0482,-18.7945,0.2517,0.2509,0.0431,-0.0000,0.7740,0.0739,0.2900,1.5000,0.0000,0.0000,-1.1164,5.0000,0.0100
9.4200,114.0779,1.1365,0.0482,-18.9072,0.2521,0.2540,0.0431,-0.0000,0.7740,0.0739,0.2900,1.5000,0.0000,0.0000,-1.1299,5.0000,0.0100
9.4300,113.8877,1.1370,0.0481,-19.0200,0.2526,0.2543,0.0431,-0.0000,0.7740,0.0739,0.2900,1.5000,0.0000,0.0000,-1.1435,5.0000,0.0100
9.4400,113.6963,1.1375,0.0481,-19.1331,0.2530,0.2526,0.0431,-0.0000,0.7740,0.0739,0.2900,1.5000,0.0000,0.0000,-1.1571,5.0000,0.0100
9.4500,113.5039,1.1380,0.0481,-19.2463,0.2534,0.2560,0.0431,-0.0000,0.7740,0.0739,0.2900,1.5000,0.0000,0.0000,-1.1709,5.0000,0.0100
9.4600,113.3103,1.1384,0.0480,-19.3596,0.2539,0.2529,0.0431,-0.0000,0.7740,0.0739,0.2900,1.5000,0.0000,0.0000,-1.1848,5.0000,0.0100
9.4700,113.1155,1.1389,0.0480,-19.4732,0.2543,0.2564,0.0431,-0.0000,0.7740,0.0739,0.2900,1.5000,0.0000,0.0000,-1.1988,5.0000,0.0100
9.4800,112.9197,1.1394,0.0479,-19.5869,0.2547,0.2533,0.0431,-0.0000,0.7740,0.0739,0.2900,1.5000,0.0000,0.0000,-1.2129,5.0000,0.0100
9.4900,112.7227,1.1399,0.0479,-19.7008,0.2551,0.2566,0.0431,-0.0000,0.7740,0.0739,0.2900,1.5000,0.0000,0.0000,-1.2271,5.0000,0.0100
9.5000,112.5245,1.1404,0.0479,-19.8150,0.2556,0.2528,0.0431,-0.0000,0.7740,0.0739,0.2900,1.5000,0.0000,0.0000,-1.2415,5.0000,0.0100
9.5100,112.3252,1.1408,0.0478,-19.9292,0.2560,0.2558,0.0431,-0.0000,0.7740,0.0739,0.2900,1.5000,0.0000,0.0000,-1.2559,5.0000,0.0100
9.5200,112.1248,1.1413,0.0478,-20.0437,0.2564,0.2576,0.0431,-0.0000,0.7740,0.0739,0.2900,1.5000,0.0000,0.0000,-1.2704,5.0000,0.0100
9.5300,111.9232,1.1418,0.0477,-20.1584,0.2569,0.2577,0.0431,-0.0000,0.7740,0.0739,0.2900,1.5000,0.0000,0.0000,-1.2851,5.0000,0.0100
9.5400,111.7205,1.1423,0.0477,-20.2733,0.2573,0.2578,0.0431,-0.0000,0.7740,0.0739,0.2900,1.5000,0.0000,0.0000,-1.2998,5.0000,0.0100
9.5500,111.5166,1.1427,0.0477,-20.3883,0.2577,0.2545,0.0431,-0.0000,0.7740,0.0739,0.2900,1.5000,0.0000,0.0000,-1.3147,5.0000,0.0100
9.5600,111.3116,1.1432,0.0476,-20.5036,0.2582,0.2598,0.0431,-0.0000,0.7740,0.0739,0.2900,1.5000,0.0000,0.0000,-1.3296,5.0000,0.0100
9.5700,111.1054,1.1437,0.0476,-20.6190,0.2586,0.2609,0.0431,-0.0000,0.7740,0.0739,0.2900,1.5000,0.0000,0.0000,-1.3447,5.0000,0.0100
9.5800,110.8980,1.1442,0.0475,-20.7346,0.2590,0.2574,0.0431,-0.0000,0.7740,0.0739,0.2900,1.5000,0.0000,0.0000,-1.3599,5.0000,0.0100
9.5900,110.6895,1.1446,0.0475,-20.8505,0.2595,0.2589,0.0431,-0.0000,0.7740,0.0739,0.2900,1.5000,0.0000,0.0000,-1.3752,5.0000,0.0100
9.6000,110.4799,1.1451,0.0475,-20.9665,0.2599,0.2602,0.0431,-0.0000,0.7740,0.0739,0.2900,1.5000,0.0000,0.0000,-1.3906,5.0000,0.0100
9.6100,110.2690,1.1456,0.0474,-21.0827,0.2603,0.2608,0.0431,-0.0000,0.7740,0.0739,0.2900,1.5000,0.0000,0.0000,-1.4061,5.0000,0.0100
9.6200,110.0570,1.1461,0.0474,-21.1992,0.2608,0.2569,0.0431,-0.0000,0.7740,0.0739,0.2900,1.5000,0.0000,0.0000,-1.4217,5.0000,0.0100
9.6300,109.8439,1.1465,0.0473,-21.3158,0.2612,0.2600,0.0431,-0.0000,0.7740,0.0739,0.2900,1.5000,0.0000,0.0000,-1.4375,5.0000,0.0100
9.6400,109.6295,1.1470,0.0473,-21.4326,0.2616,0.2627,0.0431,-0.0000,0.7740,0.0739,0.2900,1.5000,0.0000,0.0000,-1.4533,5.0000,0.0100
9.6500,109.4141,1.1475,0.0473,-21.5497,0.2620,0.2609,0.0431,-0.0000,0.7740,0.0739,0.2900,1.5000,0.0000,0.0000,-1.4693,5.0000,0.0100
9.6600,109.1974,1.1480,0.0472,-21.6670,0.2625,0.2610,0.0431,-0.0000,0.7740,0.0739,0.2900,1.5000,0.0000,0.0000,-1.4854,5.0000,0.0100
9.6700,108.9795,1.1484,0.0472,-21.7844,0.2629,0.2626,0.0431,-0.0000,0.7740,0.0739,0.2900,1.5000,0.0000,0.0000,-1.5016,5.0000,0.0100
9.6800,108.7605,1.1489,0.0471,-21.9021,0.2633,0.2633,0.0431,-0.0000,0.7740,0.0739,0.2900,1.5000,0.0000,0.0000,-1.5179,5.0000,0.0100
9.6900,108.5403,1.1494,0.0471,-22.0200,0.2638,0.2662,0.0431,-0.0000,0.7740,0.0739,0.2900,1.5000,0.0000,0.0000,-1.5344,5.0000,0.0100
9.7000,108.3189,1.1498,0.0470,-22.1381,0.2642,0.2636,0.0431,-0.0000,0.7740,0.0739,0.2900,1.5000,0.0000,0.0000,-1.5510,5.0000,0.0100
9.7100,108.0964,1.1503,0.0470,-22.2564,0.2646,0.2617,0.0431,-0.0000,0.7740,0.0739,0.2900,1.5000,0.0000,0.0000,-1.5676,5.0000,0.0100
9.7200,107.8726,1.1508,0.0470,-22.3749,0.2651,0.2647,0.0431,-0.0000,0.7740,0.0739,0.2900,1.5000,0.0000,0.0000,-1.5844,5.0000,0.0100
9.7300,107.6477,1.1513,0.0469,-22.4937,0.2655,0.2646,0.0431,-0.0000,0.7740,0.0739,0.2900,1.5000,0.0000,0.0000,-1.6014,5.0000,0.0100
9.7400,107.4216,1.1517,0.0469,-22.6127,0.2659,0.2682,0.0431,-0.0000,0.7740,0.0739,0.2900,1.5000,0.0000,0.0000,-1.6184,5.0000,0.0100
9.7500,107.1942,1.1522,0.0468,-22.7319,0.2664,0.2673,0.0431,-0.0000,0.7740,0.0739,0.2900,1.5000,0.0000,0.0000,-1.6356,5.0000,0.0100
9.7600,106.9657,1.1527,0.0468,-22.8513,0.2668,0.2623,0.0431,-0.0000,0.7740,0.0739,0.2900,1.5000,0.0000,0.0000,-1.6529,5.0000,0.0100
9.7700,106.7360,1.1531,0.0467,-22.9709,0.2672,0.2658,0.0431,-0.0000,0.7740,0.0739,0.2900,1.5000,0.0000,0.0000,-1.6703,5.0000,0.0100
9.7800,106.5051,1.1536,0.0467,-23.0908,0.2677,0.2671,0.0431,-0.0000,0.7740,0.0739,0.2900,1.5000,0.0000,0.0000,-1.6878,5.0000,0.0100
9.7900,106.2730,1.1541,0.0466,-23.2109,0.2681,0.2676,0.0431,-0.0000,0.7740,0.0739,0.2900,1.5000,0.0000,0.0000,-1.7055,5.0000,0.0100
9.8000,106.0397,1.1545,0.0466,-23.3313,0.2685,0.2666,0.0431,-0.0000,0.7740,0.0739,0.2900,1.5000,0.0000,0.0000,-1.7233,5.0000,0.0100
9.8100,105.8052,1.1550,0.0466,-23.4518,0.2689,0.2715,0.0431,-0.0000,0.7740,0.0739,0.2900,1.5000,0.0000,0.0000,-1.7412,5.0000,0.0100
9.8200,105.5694,1.1555,0.0465,-23.5726,0.2694,0.2710,0.0431,-0.0000,0.7740,0.0739,0.2900,1.5000,0.0000,0.0000,-1.7592,5.0000,0.0100
9.8300,105.3325,1.1559,0.0465,-23.6936,0.2698,0.2647,0.0431,-0.0000,0.7740,0.0739,0.2900,1.5000,0.0000,0.0000,-1.7774,5.0000,0.0100
9.8400,105.0944,1.1564,0.0464,-23.8149,0.2702,0.2699,0.0431,-0.0000,0.7740,0.0739,0.2900,1.5000,0.0000,0.0000,-1.7957,5.0000,0.0100
9.8500,104.8550,1.1568,0.0464,-23.9364,0.2707,0.2704,0.0431,-0.0000,0.7740,0.0739,0.2900,1.5000,0.0000,0.0000,-1.8141,5.0000,0.0100
9.8600,104.6144,1.1573,0.0463,-24.0582,0.2711,0.2709,0.0431,-0.0000,0.7740,0.0739,0.2900,1.5000,0.0000,0.0000,-1.8327,5.0000,0.0100
9.8700,104.3726,1.1578,0.0463,-24.1801,0.2715,0.2706,0.0431,-0.0000,0.7740,0.0739,0.2900,1.5000,0.0000,0.0000,-1.8513,5.0000,0.0100
9.8800,104.1296,1.1582,0.0462,-24.3024,0.2720,0.2715,0.0431,-0.0000,0.7740,0.0739,0.2900,1.5000,0.0000,0.0000,-1.8702,5.0000,0.0100
9.8900,103.8853,1.1587,0.0462,-24.4248,0.2724,0.2733,0.0431,-0.0000,0.7740,0.0739,0.2900,1.5000,0.0000,0.0000,-1.8891,5.0000,0.0100
9.9000,103.6399,1.1592,0.0461,-24.5476,0.2728,0.2732,0.0431,-0.0000,0.7740,0.0739,0.2900,1.5000,0.0000,0.0000,-1.9082,5.0000,0.0100
9.9100,103.3932,1.1596,0.0461,-24.6705,0.2733,0.2708,0.0431,-0.0000,0.7740,0.0739,0.2900,1.5000,0.0000,0.0000,-1.9274,5.0000,0.0100
9.9200,103.1452,1.1601,0.0461,-24.7937,0.2737,0.2748,0.0431,-0.0000,0.7740,0.0739,0.2900,1.5000,0.0000,0.0000,-1.9468,5.0000,0.0100
9.9300,102.8960,1.1605,0.0460,-24.9172,0.2741,0.2737,0.0431,-0.0000,0.7740,0.0739,0.2900,1.5000,0.0000,0.0000,-1.9663,5.0000,0.0100
9.9400,102.6456,1.1610,0.0460,-25.0409,0.2746,0.2729,0.0431,-0.0000,0.7740,0.0739,0.2900,1.5000,0.0000,0.0000,-1.9859,5.0000,0.0100
9.9500,102.3940,1.1615,0.0459,-25.1649,0.2750,0.2766,0.0431,-0.0000,0.7740,0.0739,0.2900,1.5000,0.0000,0.0000,-2.0057,5.0000,0.0100
9.9600,102.1411,1.1619,0.0459,-25.2892,0.2754,0.2751,0.0431,-0.0000,0.7740,0.0739,0.2900,1.5000,0.0000,0.0000,-2.0256,5.0000,0.0100
9.9700,101.8870,1.1624,0.0458,-25.4137,0.2758,0.2765,0.0431,-0.0000,0.7740,0.0739,0.2900,1.5000,0.0000,0.0000,-2.0457,5.0000,0.0100
9.9800,101.6316,1.1628,0.0458,-25.5384,0.2763,0.2750,0.0431,-0.0000,0.7740,0.0739,0.2900,1.5000,0.0000,0.0000,-2.0658,5.0000,0.0100
9.9900,101.3749,1.1633,0.0457,-25.6634,0.2767,0.2781,0.0431,-0.0000,0.7740,0.0739,0.2900,1.5000,0.0000,0.0000,-2.0862,5.0000,0.0100
10.0000,101.1171,1.1637,0.0457,-25.7887,0.2771,0.2773,0.0431,-0.0000,0.7740,0.0739,0.2900,1.5000,0.0000,0.0000,-2.1067,5.0000,0.0100
10.0100,100.8579,1.1642,0.0456,-25.9143,0.2776,0.2775,0.0431,-0.0000,0.7740,0.0739,0.2900,1.5000,0.0000,0.0000,-2.1273,5.0000,0.0100
10.0200,100.5975,1.1647,0.0456,-26.0401,0.2780,0.2765,0.0431,-0.0000,0.7740,0.0739,0.2900,1.5000,0.0000,0.0000,-2.1480,5.0000,0.0100
10.0300,100.3359,1.1651,0.0455,-26.1662,0.2784,0.2814,0.0431,-0.0000,0.7740,0.0739,0.2900,1.5000,0.0000,0.0000,-2.1689,5.0000,0.0100
10.0400,100.0729,1.1656,0.0455,-26.2925,0.2789,0.2815,0.0431,-0.0000,0.7740,0.0739,0.2900,1.5000,0.0000,0.0000,-2.1900,5.0000,0.0100
10.0500,99.8087,1.1660,0.0454,-26.4192,0.2793,0.2819,0.0431,-0.0000,0.7740,0.0739,0.2900,1.5000,0.0000,0.0000,-2.2112,5.0000,0.0100
10.0600,99.5433,1.1665,0.0454,-26.5461,0.2797,0.2810,0.0431,-0.0000,0.7740,0.0739,0.2900,1.5000,0.0000,0.0000,-2.2326,5.0000,0.0100
10.0700,99.2765,1.1669,0.0453,-26.6733,0.2802,0.2803,0.0431,-0.0000,0.7740,0.0739,0.2900,1.5000,0.0000,0.0000,-2.2541,5.0000,0.0100
10.0800,99.0085,1.1674,0.0453,-26.8007,0.2806,0.2787,0.0431,-0.0000,0.7740,0.0739,0.2900,1.5000,0.0000,0.0000,-2.2757,5.0000,0.0100
10.0900,98.7392,1.1678,0.0452,-26.9285,0.2810,0.2786,0.0431,-0.0000,0.7740,0.0739,0.2900,1.5000,0.0000,0.0000,-2.2975,5.0000,0.0100
10.1000,98.4687,1.1683,0.0452,-27.0565,0.2815,0.2789,0.0431,-0.0000,0.7740,0.0739,0.2900,1.5000,0.0000,0.0000,-2.3195,5.0000,0.0100
10.1100,98.1968,1.1687,0.0451,-27.1848,0.2819,0.2819,0.0431,-0.0000,0.7740,0.0739,0.2900,1.5000,0.0000,0.0000,-2.3416,5.0000,0.0100
10.1200,97.9237,1.1692,0.0451,-27.3135,0.2823,0.2818,0.0431,-0.0000,0.7740,0.0739,0.2900,1.5000,0.0000,0.0000,-2.3638,5.0000,0.0100
10.1300,97.6493,1.1696,0.0450,-27.4423,0.2827,0.2795,0.0431,-0.0000,0.7740,0.0739,0.2900,1.5000,0.0000,0.0000,-2.3863,5.0000,0.0100
10.1400,97.3736,1.1701,0.0450,-27.5715,0.2832,0.2858,0.0431,-0.0000,0.7740,0.0739,0.2900,1.5000,0.0000,0.0000,-2.4088,5.0000,0.0100
10.1500,97.0966,1.1705,0.0449,-27.7010,0.2836,0.2805,0.0431,-0.0000,0.7740,0.0739,0.2900,1.5000,0.0000,0.0000,-2.4316,5.0000,0.0100
10.1600,96.8182,1.1710,0.0449,-27.8308,0.2840,0.2842,0.0431,-0.0000,0.7740,0.0739,0.2900,1.5000,0.0000,0.0000,-2.4545,5.0000,0.0100
10.1700,96.5386,1.1714,0.0448,-27.9609,0.2845,0.2835,0.0431,-0.0000,0.7740,0.0739,0.2900,1.5000,0.0000,0.0000,-2.4775,5.0000,0.0100
10.1800,96.2577,1.1719,0.0448,-28.0912,0.2849,0.2843,0.0431,-0.0000,0.7740,0.0739,0.2900,1.5000,0.0000,0.0000,-2.5007,5.0000,0.0100
10.1900,95.9755,1.1723,0.0447,-28.2219,0.2853,0.2885,0.0431,-0.0000,0.7740,0.0739,0.2900,1.5000,0.0000,0.0000,-2.5241,5.0000,0.0100
10.2000,95.6920,1.1728,0.0447,-28.3529,0.2858,0.2860,0.0431,-0.0000,0.7740,0.0739,0.2900,1.5000,0.0000,0.0000,-2.5476,5.0000,0.0100
10.2100,95.4071,1.1732,0.0446,-28.4842,0.2862,0.2870,0.0431,-0.0000,0.7740,0.0739,0.2900,1.5000,0.0000,0.0000,-2.5713,5.0000,0.0100
10.2200,95.1210,1.1737,0.0446,-28.6158,0.2866,0.2876,0.0431,-0.0000,0.7740,0.0739,0.2900,1.5000,0.0000,0.0000,-2.5952,5.0000,0.0100
10.2300,94.8335,1.1741,0.0445,-28.7477,0.2871,0.2888,0.0431,-0.0000,0.7740,0.0739,0.2900,1.5000,0.0000,0.0000,-2.6192,5.0000,0.0100
10.2400,94.5447,1.1746,0.0444,-28.8799,0.2875,0.2893,0.0431,-0.0000,0.7740,0.0739,0.2900,1.5000,0.0000,0.0000,-2.6434,5.0000,0.0100
10.2500,94.2546,1.1750,0.0444,-29.0125,0.2879,0.2875,0.0431,-0.0000,0.7740,0.0739,0.2900,1.5000,0.0000,0.0000,-2.6678,5.0000,0.0100
10.2600,93.9631,1.1754,0.0443,-29.1453,0.2884,0.2864,0.0431,-0.0000,0.7740,0.0739,0.2900,1.5000,0.0000,0.0000,-2.6924,5.0000,0.0100
10.2700,93.6703,1.1759,0.0443,-29.2785,0.2888,0.2879,0.0431,-0.0000,0.7740,0.0739,0.2900,1.5000,0.0000,0.0000,-2.7171,5.0000,0.0100
10.2800,93.3762,1.1763,0.0442,-29.4120,0.2892,0.2883,0.0431,-0.0000,0.7740,0.0739,0.2900,1.5000,0.0000,0.0000,-2.7420,5.0000,0.0100
10.2900,93.0808,1.1768,0.0442,-29.5458,0.2896,0.2901,0.0431,-0.0000,0.7740,0.0739,0.2900,1.5000,0.0000,0.0000,-2.7670,5.0000,0.0100
10.3000,92.7840,1.1772,0.0441,-29.6799,0.2901,0.2895,0.0431,-0.0000,0.7740,0.0739,0.2900,1.5000,0.0000,0.0000,-2.7923,5.0000,0.0100
10.3100,92.4858,1.1777,0.0441,-29.8144,0.2905,0.2895,0.0431,-0.0000,0.7740,0.0739,0.2900,1.5000,0.0000,0.0000,-2.8177,5.0000,0.0100
10.3200,92.1863,1.1781,0.0440,-29.9492,0.2909,0.2892,0.0431,-0.0000,0.7740,0.0739,0.2900,1.5000,0.0000,0.0000,-2.8433,5.0000,0.0100
10.3300,91.8855,1.1785,0.0440,-30.0843,0.2914,0.2894,0.0431,-0.0000,0.7740,0.0739,0.2900,1.5000,0.0000,0.0000,-2.8690,5.0000,0.0100
10.3400,91.5833,1.1790,0.0439,-30.2198,0.2918,0.2914,0.0431,-0.0000,0.7740,0.0739,0.2900,1.5000,0.0000,0.0000,-2.8950,5.0000,0.0100
10.3500,91.2797,1.1794,0.0439,-30.3556,0.2922,0.2952,0.0431,-0.0000,0.7740,0.0739,0.2900,1.5000,0.0000,0.0000,-2.9211,5.0000,0.0100
10.3600,90.9748,1.1798,0.0438,-30.4918,0.2927,0.2960,0.0431,-0.0000,0.7740,0.0739,0.2900,1.5000,0.0000,0.0000,-2.9474,5.0000,0.0100
10.3700,90.6685,1.1803,0.0437,-30.6282,0.2931,0.2941,0.0431,-0.0000,0.7740,0.0739,0.2900,1.5000,0.0000,0.0000,-2.9739,5.0000,0.0100
10.3800,90.3609,1.1807,0.0437,-30.7651,0.2935,0.2935,0.0431,-0.0000,0.7740,0.0739,0.2900,1.5000,0.0000,0.0000,-3.0006,5.0000,0.0100
10.3900,90.0519,1.1812,0.0436,-30.9023,0.2940,0.2926,0.0431,-0.0000,0.7740,0.0739,0.2900,1.5000,0.0000,0.0000,-3.0275,5.0000,0.0100
10.4000,89.7415,1.1816,0.0436,-31.0398,0.2944,0.2932,0.0431,-0.0000,0.7740,0.0739,0.2900,1.5000,0.0000,0.0000,-3.0545,5.0000,0.0100
10.4100,89.4297,1.1820,0.0435,-31.1777,0.2948,0.2968,0.0431,-0.0000,0.7740,0.0739,0.2900,1.5000,0.0000,0.0000,-3.0818,5.0000,0.0100
10.4200,89.1165,1.1825,0.0435,-31.3159,0.2953,0.2983,0.0431,-0.0000,0.7740,0.0739,0.2900,1.5000,0.0000,0.0000,-3.1092,5.0000,0.0100
10.4300,88.8020,1.1829,0.0434,-31.4545,0.2957,0.2930,0.0431,-0.0000,0.7740,0.0739,0.2900,1.5000,0.0000,0.0000,-3.1368,5.0000,0.0100
10.4400,88.4860,1.1833,0.0434,-31.5935,0.2961,0.3013,0.0431,-0.0000,0.7740,0.0739,0.2900,1.5000,0.0000,0.0000,-3.1647,5.0000,0.0100
10.4500,88.1687,1.1838,0.0433,-31.7328,0.2965,0.2971,0.0431,-0.0000,0.7740,0.0739,0.2900,1.5000,0.0000,0.0000,-3.1927,5.0000,0.0100
10.4600,87.8500,1.1842,0.0432,-31.8725,0.2970,0.2966,0.0431,-0.0000,0.7740,0.0739,0.2900,1.5000,0.0000,0.0000,-3.2209,5.0000,0.0100
10.4700,87.5299,1.1846,0.0432,-32.0125,0.2974,0.2978,0.0431,-0.0000,0.7740,0.0739,0.2900,1.5000,0.0000,0.0000,-3.2493,5.0000,0.0100
10.4800,87.2083,1.1851,0.0431,-32.1529,0.2978,0.2960,0.0431,-0.0000,0.7740,0.0739,0.2900,1.5000,0.0000,0.0000,-3.2780,5.0000,0.0100
10.4900,86.8854,1.1855,0.0431,-32.2937,0.2983,0.2983,0.0431,-0.0000,0.7740,0.0739,0.2900,1.5000,0.0000,0.0000,-3.3068,5.0000,0.0100
10.5000,86.5610,1.1859,0.0430,-32.4349,0.2987,0.2998,0.0431,-0.0000,0.7740,0.0739,0.2900,1.5000,0.0000,0.0000,-3.3358,5.0000,0.0100
10.5100,86.2353,1.1864,0.0430,-32.5764,0.2991,0.2975,0.0431,-0.0000,0.7740,0.0739,0.2900,1.5000,0.0000,0.0000,-3.3650,5.0000,0.0100
10.5200,85.9081,1.1868,0.0429,-32.7183,0.2996,0.3009,0.0431,-0.0000,0.7740,0.0739,0.2900,1.5000,0.0000,0.0000,-3.3945,5.0000,0.0100
10.5300,85.5795,1.1872,0.0428,-32.8606,0.3000,0.3007,0.0431,-0.0000,0.7740,0.0739,0.2900,1.5000,0.0000,0.0000,-3.4241,5.0000,0.0100
10.5400,85.2495,1.1876,0.0428,-33.0033,0.3004,0.2978,0.0431,-0.0000,0.7740,0.0739,0.2900,1.5000,0.0000,0.0000,-3.4539,5.0000,0.0100
10.5500,84.9180,1.1881,0.0427,-33.1464,0.3009,0.2999,0.0431,-0.0000,0.7740,0.0739,0.2900,1.5000,0.0000,0.0000,-3.4840,5.0000,0.0100
10.5600,84.5851,1.1885,0.0427,-33.2899,0.3013,0.3034,0.0431,-0.0000,0.7740,0.0739,0.2900,1.5000,0.0000,0.0000,-3.5143,5.0000,0.0100
10.5700,84.2508,1.1889,0.0426,-33.4337,0.3017,0.3005,0.0431,-0.0000,0.7740,0.0739,0.2900,1.5000,0.0000,0.0000,-3.5448,5.0000,0.0100
10.5800,83.9150,1.1893,0.0425,-33.5780,0.3022,0.3007,0.0431,-0.0000,0.7740,0.0739,0.2900,1.5000,0.0000,0.0000,-3.5755,5.0000,0.0100
10.5900,83.5778,1.1898,0.0425,-33.7227,0.3026,0.3019,0.0431,-0.0000,0.7740,0.0739,0.2900,1.5000,0.0000,0.0000,-3.6064,5.0000,0.0100
10.6000,83.2391,1.1902,0.0424,-33.8677,0.3030,0.3022,0.0431,-0.0000,0.7740,0.0739,0.2900,1.5000,0.0000,0.0000,-3.6375,5.0000,0.0100
10.6100,82.8989,1.1906,0.0424,-34.0132,0.3035,0.3021,0.0431,-0.0000,0.7740,0.0739,0.2900,1.5000,0.0000,0.0000,-3.6689,5.0000,0.0100
10.6200,82.5574,1.1910,0.0423,-34.1591,0.3039,0.3032,0.0431,-0.0000,0.7740,0.0739,0.2900,1.5000,0.0000,0.0000,-3.7005,5.0000,0.0100
10.6300,82.2143,1.1915,0.0422,-34.3054,0.3043,0.3046,0.0431,-0.0000,0.7740,0.0739,0.2900,1.5000,0.0000,0.0000,-3.7323,5.0000,0.0100
10.6400,81.8698,1.1919,0.0422,-34.4521,0.3047,0.3066,0.0431,-0.0000,0.7740,0.0739,0.2900,1.5000,0.0000,0.0000,-3.7643,5.0000,0.0100
10.6500,81.5238,1.1923,0.0447,-34.5930,0.3052,0.3043,0.0409,-0.2220,0.7738,0.0612,0.3020,2.0000,0.5160810810810701,1.0000,-3.7966,5.0000,0.0100
10.6600,81.1766,1.1928,0.0497,-34.7282,0.3055,0.3059,0.0365,-0.4439,0.7737,0.0612,0.3020,2.0000,1.0321621621621402,1.0000,-3.8277,5.0000,0.0100
10.6700,80.8280,1.1934,0.0573,-34.8577,0.3058,0.3036,0.0298,-0.6659,0.7735,0.0612,0.3020,2.0000,1.5482432432432103,1.0000,-3.8577,5.0000,0.0100
10.6800,80.4782,1.1941,0.0674,-34.9814,0.3060,0.3065,0.0209,-0.8878,0.7733,0.0612,0.3020,2.0000,2.0643243243242804,1.0000,-3.8865,5.0000,0.0100
10.6900,80.1272,1.1949,0.0801,-35.0992,0.3061,0.3073,0.0098,-1.1098,0.7731,0.0612,0.3020,2.0000,2.5804054054053505,1.0000,-3.9141,5.0000,0.0100
10.7000,79.7751,1.1958,0.0954,-35.2113,0.3061,0.3072,-0.0035,-1.3317,0.7730,0.0612,0.3020,2.0000,3.0964864864864206,1.0000,-3.9406,5.0000,0.0100
10.7100,79.4219,1.1970,0.1132,-35.3175,0.3059,0.3070,-0.0190,-1.5537,0.7728,0.0612,0.3020,2.0000,3.6125675675674906,1.0000,-3.9658,5.0000,0.0100
10.7200,79.0677,1.1983,0.1335,-35.4178,0.3055,0.3064,-0.0368,-1.7757,0.7726,0.0612,0.3020,2.0000,4.128648648648561,1.0000,-3.9897,5.0000,0.0100
10.7300,78.7126,1.1999,0.1563,-35.5123,0.3050,0.3019,-0.0568,-1.9976,0.7724,0.0612,0.3020,2.0000,4.644729729729631,1.0000,-4.0125,5.0000,0.0100
10.7400,78.3566,1.2017,0.1816,-35.6008,0.3042,0.3064,-0.0789,-2.2196,0.7723,0.0612,0.3020,2.0000,5.160810810810701,1.0000,-4.0339,5.0000,0.0100
10.7500,77.9998,1.2038,0.2094,-35.6834,0.3031,0.3030,-0.1034,-2.4415,0.7721,0.0612,0.3020,2.0000,5.6768918918917715,1.0000,-4.0541,5.0000,0.0100
10.7600,77.6421,1.2062,0.2396,-35.7601,0.3018,0.3003,-0.1300,-2.6635,0.7719,0.0612,0.3020,2.0000,6.192972972972841,1.0000,-4.0729,5.0000,0.0100
10.7700,77.2838,1.2089,0.2722,-35.8307,0.3003,0.3008,-0.1589,-2.8854,0.7717,0.0612,0.3020,2.0000,6.709054054053912,1.0000,-4.0904,5.0000,0.0100
10.7800,76.9249,1.2120,0.3072,-35.8953,0.2984,0.2988,-0.1899,-3.1074,0.7716,0.0612,0.3020,2.0000,7.225135135134981,1.0000,-4.1066,5.0000,0.0100
10.7900,76.5654,1.2154,0.3446,-35.9537,0.2961,0.2982,-0.2233,-3.3346,0.7714,0.0612,0.3020,2.0000,7.753374999999816,1.0000,-4.1215,5.0000,0.0100
10.8000,76.2053,1.2192,0.3845,-36.0052,0.2935,0.2930,-0.2591,-3.5827,0.7712,0.0612,0.3020,2.0000,8.330249999999804,1.0000,-4.1349,5.0000,0.0100
10.8100,75.8448,1.2235,0.4268,-36.0498,0.2906,0.2910,-0.2974,-3.8308,0.7710,0.0612,0.3020,2.0000,8.907124999999791,1.0000,-4.1468,5.0000,0.0100
10.8200,75.4839,1.2282,0.4716,-36.0874,0.2872,0.2863,-0.3382,-4.0789,0.7709,0.0612,0.3020,2.0000,9.483999999999778,1.0000,-4.1572,5.0000,0.0100
10.8300,75.1227,1.2334,0.5186,-36.1181,0.2834,0.2840,-0.3815,-4.3270,0.7707,0.0612,0.3020,2.0000,10.060874999999767,1.0000,-4.1659,5.0000,0.0100
10.8400,74.7613,1.2391,0.5678,-36.1416,0.2791,0.2807,-0.4272,-4.5751,0.7705,0.0612,0.3020,2.0000,10.637749999999754,1.0000,-4.1731,5.0000,0.0100
10.8500,74.3998,1.2453,0.6191,-36.1580,0.2743,0.2771,-0.4754,-4.8232,0.7703,0.0612,0.3020,2.0000,11.214624999999742,1.0000,-4.1786,5.0000,0.0100
10.8600,74.0381,1.2520,0.6724,-36.1672,0.2691,0.2694,-0.5262,-5.0713,0.7702,0.0612,0.3020,2.0000,11.79149999999973,1.0000,-4.1825,5.0000,0.0100
10.8700,73.6764,1.2593,0.7274,-36.1689,0.2633,0.2655,-0.5794,-5.3237,0.7700,0.0612,0.3020,2.0000,12.378393939393632,1.0000,-4.1847,5.0000,0.0100
10.8800,73.3148,1.2671,0.7843,-36.1627,0.2569,0.2594,-0.6353,-5.5934,0.7698,0.0612,0.3020,2.0000,13.005363636363315,1.0000,-4.1853,5.0000,0.0100
10.8900,72.9533,1.2756,0.8429,-36.1484,0.2500,0.2520,-0.6940,-5.8630,0.7697,0.0612,0.3020,2.0000,13.632333333333,1.0000,-4.1839,5.0000,0.0100
10.9000,72.5920,1.2846,0.9030,-36.1259,0.2424,0.2440,-0.7553,-6.1327,0.7695,0.0612,0.3020,2.0000,14.259303030302682,1.0000,-4.1808,5.0000,0.0100
10.9100,72.2311,1.2942,0.9643,-36.0952,0.2342,0.2378,-0.8193,-6.4023,0.7693,0.0612,0.3020,2.0000,14.886272727272367,1.0000,-4.1758,5.0000,0.0100
10.9200,71.8705,1.3045,1.0266,-36.0561,0.2254,0.2263,-0.8860,-6.6720,0.7691,0.0612,0.3020,2.0000,15.51324242424205,1.0000,-4.1688,5.0000,0.0100
10.9300,71.5104,1.3154,1.0896,-36.0085,0.2158,0.2193,-0.9554,-6.9416,0.7690,0.0612,0.3020,2.0000,16.140212121211732,1.0000,-4.1600,5.0000,0.0100
10.9400,71.1509,1.3269,1.1531,-35.9522,0.2055,0.2062,-1.0276,-7.2165,0.7688,0.0612,0.3020,2.0000,16.779372881355517,1.0000,-4.1493,5.0000,0.0100
10.9500,70.7920,1.3391,1.2168,-35.8870,0.1945,0.1962,-1.1026,-7.4949,0.7686,0.0612,0.3020,2.0000,17.426661016948724,1.0000,-4.1365,5.0000,0.0100
10.9600,70.4339,1.3519,1.2804,-35.8128,0.1827,0.1804,-1.1803,-7.7733,0.7684,0.0612,0.3020,2.0000,18.073949152541932,1.0000,-4.1218,5.0000,0.0100
10.9700,70.0766,1.3653,1.3435,-35.7295,0.1701,0.1719,-1.2608,-8.0517,0.7683,0.0612,0.3020,2.0000,18.72123728813514,1.0000,-4.1050,5.0000,0.0100
10.9800,69.7202,1.3794,1.4057,-35.6369,0.1567,0.1562,-1.3441,-8.3301,0.7681,0.0612,0.3020,2.0000,19.368525423728347,1.0000,-4.0862,5.0000,0.0100
10.9900,69.3649,1.3941,1.4665,-35.5349,0.1424,0.1437,-1.4302,-8.6084,0.7679,0.0612,0.3020,2.0000,20.015813559321554,1.0000,-4.0654,5.0000,0.0100
11.0000,69.0107,1.4093,1.5261,-35.4215,0.1272,0.1265,-1.5198,-8.9563,0.7677,0.0612,0.3020,2.0000,20.824551724137258,1.0000,-4.0424,5.0000,0.0100
11.0100,68.6577,1.4252,1.5840,-35.2957,0.1110,0.1115,-1.6131,-9.3339,0.7676,0.0612,0.3020,2.0000,21.702482758619997,1.0000,-4.0170,5.0000,0.0100
11.0200,68.3062,1.4415,1.6317,-35.1557,0.0942,0.0974,-1.6796,-6.6468,0.7674,0.0612,0.3020,2.0000,22.580413793102736,1.0000,-3.9888,3.4198,0.0100
11.0300,67.9561,1.4583,1.6841,-35.0067,0.0764,0.0756,-1.7798,-10.0198,0.7672,0.0612,0.3020,2.0000,23.29740540540484,1.0000,-3.9575,5.0000,0.0100
11.0400,67.6076,1.4754,1.7137,-34.8450,0.0583,0.0546,-1.8108,-3.1010,0.7670,0.0612,0.3020,2.0000,23.974162162161587,1.0000,-3.9244,1.5020,0.0100
11.0500,67.2609,1.4930,1.7578,-34.6758,0.0392,0.0408,-1.9168,-10.6019,0.7669,0.0612,0.3020,2.0000,24.65091891891833,1.0000,-3.8884,5.0000,0.0100
11.0600,66.9159,1.5107,1.7681,-34.4953,0.0200,0.0173,-1.9168,-0.0000,0.7667,0.0612,0.3020,2.0000,25.222310344827925,1.0000,-3.8510,0.0000,0.0100
11.0700,66.5727,1.5285,1.7758,-34.3192,0.0007,0.0022,-1.9310,-1.4222,0.7665,0.0612,0.3020,2.0000,24.845413793103795,1.0000,-3.8111,0.6646,0.0100
11.0800,66.2313,1.5462,1.7730,-34.1472,-0.0186,-0.0180,-1.9290,0.1967,0.7663,0.0612,0.3020,2.0000,24.468517241379665,1.0000,-3.7724,-0.0933,0.0100
11.0900,65.8915,1.5636,1.7372,-33.9813,-0.0369,-0.0372,-1.8254,10.3614,0.7662,0.0612,0.3020,2.0000,24.091620689655535,1.0000,-3.7347,-5.0000,0.0100
11.1000,65.5533,1.5805,1.6964,-33.8204,-0.0541,-0.0524,-1.7234,10.1993,0.7660,0.0612,0.3020,2.0000,23.714724137931405,1.0000,-3.6984,-5.0000,0.0100
11.1100,65.2166,1.5971,1.6610,-33.6634,-0.0707,-0.0726,-1.6605,6.2917,0.7658,0.0612,0.3020,2.0000,23.337827586207275,1.0000,-3.6633,-3.1318,0.0100
11.1200,64.8815,1.6133,1.6115,-33.5133,-0.0863,-0.0860,-1.5620,9.8568,0.7657,0.0612,0.3020,2.0000,22.918488372093556,1.0000,-3.6292,-5.0000,0.0100
11.1300,64.5478,1.6288,1.5587,-33.3701,-0.1010,-0.0995,-1.4656,9.6339,0.7655,0.0612,0.3020,2.0000,22.40011627907031,1.0000,-3.5966,-5.0000,0.0100
11.1400,64.2154,1.6439,1.5031,-33.2339,-0.1147,-0.1138,-1.3715,9.4109,0.7653,0.0612,0.3020,2.0000,21.881744186047065,1.0000,-3.5657,-5.0000,0.0100
11.1500,63.8844,1.6583,1.4450,-33.1046,-0.1275,-0.1269,-1.2796,9.1880,0.7651,0.0612,0.3020,2.0000,21.36337209302382,1.0000,-3.5365,-5.0000,0.0100
11.1600,63.5546,1.6722,1.3849,-32.9823,-0.1394,-0.1398,-1.1900,8.9651,0.7650,0.0612,0.3020,2.0000,20.845000000000574,1.0000,-3.5088,-5.0000,0.0100
11.1700,63.2259,1.6854,1.3224,-32.8634,-0.1504,-0.1526,-1.1014,8.8618,0.7648,0.0612,0.3020,2.0000,20.60500000000027,1.0000,-3.4826,-5.0000,0.0100
11.1800,62.8985,1.6980,1.2579,-32.7478,-0.1605,-0.1601,-1.0138,8.7586,0.7646,0.0612,0.3020,2.0000,20.365000000000276,1.0000,-3.4573,-5.0000,0.0100
11.1900,62.5721,1.7099,1.1916,-32.6355,-0.1698,-0.1737,-0.9272,8.6554,0.7644,0.0612,0.3020,2.0000,20.12500000000028,1.0000,-3.4328,-5.0000,0.0100
11.2000,62.2468,1.7211,1.1238,-32.5266,-0.1782,-0.1805,-0.8417,8.5522,0.7643,0.0612,0.3020,2.0000,19.885000000000286,1.0000,-3.4091,-5.0000,0.0100
11.2100,61.9226,1.7317,1.0548,-32.4209,-0.1858,-0.1883,-0.7572,8.4490,0.7641,0.0612,0.3020,2.0000,19.64500000000029,1.0000,-3.3861,-5.0000,0.0100
11.2200,61.5995,1.7415,0.9849,-32.3184,-0.1925,-0.1918,-0.6737,8.3457,0.7639,0.0612,0.3020,2.0000,19.405000000000296,1.0000,-3.3639,-5.0000,0.0100
11.2300,61.2773,1.7507,0.9143,-32.2190,-0.1984,-0.1973,-0.5913,8.2425,0.7637,0.0612,0.3020,2.0000,19.1650000000003,1.0000,-3.3424,-5.0000,0.0100
11.2400,60.9560,1.7591,0.8430,-32.1221,-0.2035,-0.2014,-0.5097,8.1611,0.7636,0.0612,0.3020,2.0000,18.975621052631794,1.0000,-3.3217,-5.0000,0.0100
11.2500,60.6358,1.7668,0.7712,-32.0274,-0.2078,-0.2073,-0.4288,8.0890,0.7634,0.0612,0.3020,2.0000,18.80793684210548,1.0000,-3.3016,-5.0000,0.0100
11.2600,60.3164,1.7738,0.6992,-31.9348,-0.2113,-0.2094,-0.3487,8.0168,0.7632,0.0612,0.3020,2.0000,18.64025263157917,1.0000,-3.2820,-5.0000,0.0100
11.2700,59.9980,1.7801,0.6270,-31.8443,-0.2140,-0.2122,-0.2692,7.9447,0.7630,0.0612,0.3020,2.0000,18.472568421052856,1.0000,-3.2628,-5.0000,0.0100
11.2800,59.6804,1.7856,0.5550,-31.7557,-0.2159,-0.2185,-0.1905,7.8726,0.7629,0.0612,0.3020,2.0000,18.304884210526545,1.0000,-3.2442,-5.0000,0.0100
11.2900,59.3637,1.7905,0.4832,-31.6691,-0.2170,-0.2171,-0.1125,7.8005,0.7627,0.0612,0.3020,2.0000,18.13720000000023,1.0000,-3.2261,-5.0000,0.0100
11.3000,59.0479,1.7946,0.4120,-31.5844,-0.2174,-0.2176,-0.0352,7.7284,0.7625,0.0612,0.3020,2.0000,17.96951578947392,1.0000,-3.2084,-5.0000,0.0100
11.3100,58.7329,1.7980,0.3414,-31.5016,-0.2170,-0.2194,0.0414,7.6563,0.7623,0.0612,0.3020,2.0000,17.801831578947606,1.0000,-3.1911,-5.0000,0.0100
11.3200,58.4187,1.8007,0.2716,-31.4206,-0.2158,-0.2168,0.1172,7.5841,0.7622,0.0612,0.3020,2.0000,17.634147368421296,1.0000,-3.1743,-5.0000,0.0100
11.3300,58.1052,1.8027,0.2028,-31.3411,-0.2139,-0.2108,0.1924,7.5199,0.7620,0.0612,0.3020,2.0000,17.484730538922268,1.0000,-3.1580,-5.0000,0.0100
11.3400,57.7926,1.8041,0.1347,-31.2622,-0.2112,-0.2100,0.2673,7.4870,0.7618,0.0612,0.3020,2.0000,17.408383233533048,1.0000,-3.1420,-5.0000,0.0100
11.3500,57.4808,1.8048,0.0676,-31.1838,-0.2078,-0.2093,0.3418,7.4542,0.7617,0.0612,0.3020,2.0000,17.332035928143828,1.0000,-3.1261,-5.0000,0.0100
11.3600,57.1697,1.8048,0.0017,-31.1059,-0.2036,-0.2027,0.4160,7.4214,0.7615,0.0612,0.3020,2.0000,17.255688622754608,1.0000,-3.1104,-5.0000,0.0100
11.3700,56.8594,1.8041,-0.0631,-31.0284,-0.1987,-0.1988,0.4899,7.3885,0.7613,0.0612,0.3020,2.0000,17.179341317365388,1.0000,-3.0949,-5.0000,0.0100
11.3800,56.5499,1.8029,-0.1264,-30.9514,-0.1931,-0.1916,0.5635,7.3557,0.7611,0.0612,0.3020,2.0000,17.10299401197617,1.0000,-3.0795,-5.0000,0.0100
11.3900,56.2412,1.8010,-0.1881,-30.8747,-0.1867,-0.1835,0.6367,7.3229,0.7610,0.0612,0.3020,2.0000,17.02664670658695,1.0000,-3.0643,-5.0000,0.0100
11.4000,55.9332,1.7985,-0.2482,-30.7984,-0.1796,-0.1785,0.7096,7.2900,0.7608,0.0612,0.3020,2.0000,16.95029940119773,1.0000,-3.0491,-5.0000,0.0100
11.4100,55.6260,1.7955,-0.3063,-30.7223,-0.1718,-0.1724,0.7822,7.2572,0.7606,0.0612,0.3020,2.0000,16.87395209580851,1.0000,-3.0341,-5.0000,0.0100
11.4200,55.3195,1.7918,-0.3625,-30.6466,-0.1633,-0.1664,0.8544,7.2244,0.7604,0.0612,0.3020,2.0000,16.79760479041929,1.0000,-3.0192,-5.0000,0.0100
11.4300,55.0138,1.7877,-0.4166,-30.5711,-0.1540,-0.1546,0.9263,7.1915,0.7603,0.0612,0.3020,2.0000,16.72125748503007,1.0000,-3.0044,-5.0000,0.0100
11.4400,54.7088,1.7830,-0.4684,-30.4958,-0.1440,-0.1416,0.9979,7.1558,0.7601,0.0612,0.3020,2.0000,16.64491017964085,1.0000,-2.9897,-4.9980,0.0100
11.4500,54.4046,1.7778,-0.5149,-30.4202,-0.1334,-0.1323,1.0580,6.0100,0.7599,0.0612,0.3020,2.0000,16.56856287425163,1.0000,-2.9751,-4.2155,0.0100
11.4600,54.1012,1.7722,-0.5617,-30.3454,-0.1222,-0.1209,1.1289,7.0930,0.7597,0.0612,0.3020,2.0000,16.49221556886241,1.0000,-2.9604,-5.0000,0.0100
11.4700,53.7985,1.7662,-0.6059,-30.2708,-0.1102,-0.1108,1.1995,7.0602,0.7596,0.0612,0.3020,2.0000,16.41586826347319,1.0000,-2.9459,-5.0000,0.0100
11.4800,53.4965,1.7597,-0.6474,-30.1965,-0.0975,-0.0974,1.2698,7.0273,0.7594,0.0612,0.3020,2.0000,16.33952095808397,1.0000,-2.9316,-5.0000,0.0100
11.4900,53.1953,1.7530,-0.6674,-30.1198,-0.0848,-0.0839,1.2698,0.0000,0.7592,0.0612,0.3020,2.0000,16.26317365269475,1.0000,-2.9173,-0.0000,0.0100
11.5000,52.8949,1.7463,-0.6743,-30.0428,-0.0725,-0.0721,1.2310,-3.8827,0.7590,0.0612,0.3020,2.0000,16.203076923077006,1.0000,-2.9025,2.7834,0.0100
11.5100,52.5952,1.7394,-0.6902,-29.9666,-0.0601,-0.0610,1.2361,0.5082,0.7589,0.0612,0.3020,2.0000,16.159230769230852,1.0000,-2.8877,-0.3652,0.0100
11.5200,52.2963,1.7325,-0.6906,-29.8902,-0.0482,-0.0493,1.1931,-4.2915,0.7587,0.0612,0.3020,2.0000,16.1153846153847,1.0000,-2.8731,3.0935,0.0100
11.5300,51.9982,1.7255,-0.6924,-29.8140,-0.0365,-0.0376,1.1651,-2.8089,0.7585,0.0612,0.3020,2.0000,16.071538461538545,1.0000,-2.8585,2.0298,0.0100
11.5400,51.7008,1.7187,-0.6808,-29.7385,-0.0255,-0.0261,1.0961,-6.8932,0.7583,0.0612,0.3020,2.0000,16.027692307692394,1.0000,-2.8440,5.0000,0.0100
11.5500,51.4042,1.7121,-0.6670,-29.6635,-0.0153,-0.0155,1.0274,-6.8744,0.7582,0.0612,0.3020,2.0000,15.98384615384624,1.0000,-2.8295,5.0000,0.0100
11.5600,51.1083,1.7055,-0.6510,-29.5890,-0.0057,-0.0063,0.9588,-6.8555,0.7580,0.0612,0.3020,2.0000,15.940000000000087,1.0000,-2.8153,5.0000,0.0100
11.5700,50.8131,1.6992,-0.6331,-29.5149,0.0032,0.0050,0.8905,-6.8367,0.7578,0.0612,0.3020,2.0000,15.896153846153933,1.0000,-2.8011,5.0000,0.0100
11.5800,50.5187,1.6931,-0.6134,-29.4414,0.0114,0.0094,0.8223,-6.8178,0.7577,0.0612,0.3020,2.0000,15.85230769230778,1.0000,-2.7871,5.0000,0.0100
11.5900,50.2250,1.6872,-0.5921,-29.3684,0.0190,0.0207,0.7543,-6.7989,0.7575,0.0612,0.3020,2.0000,15.808461538461627,1.0000,-2.7732,5.0000,0.0100
11.6000,49.9321,1.6815,-0.5693,-29.2959,0.0258,0.0266,0.6865,-6.7801,0.7573,0.0612,0.3020,2.0000,15.764615384615475,1.0000,-2.7594,5.0000,0.0100
11.6100,49.6398,1.6760,-0.5451,-29.2239,0.0320,0.0317,0.6189,-6.7612,0.7571,0.0612,0.3020,2.0000,15.72076923076932,1.0000,-2.7457,5.0000,0.0100
11.6200,49.3483,1.6708,-0.5198,-29.1525,0.0376,0.0405,0.5514,-6.7424,0.7570,0.0612,0.3020,2.0000,15.676923076923169,1.0000,-2.7322,5.0000,0.0100
11.6300,49.0575,1.6659,-0.4934,-29.0815,0.0424,0.0414,0.4842,-6.7235,0.7568,0.0612,0.3020,2.0000,15.633076923077015,1.0000,-2.7188,5.0000,0.0100
11.6400,48.7674,1.6612,-0.4662,-29.0110,0.0466,0.0451,0.4172,-6.7047,0.7566,0.0612,0.3020,2.0000,15.589230769230863,1.0000,-2.7056,5.0000,0.0100
11.6500,48.4780,1.6568,-0.4382,-28.9410,0.0501,0.0472,0.3503,-6.6858,0.7564,0.0612,0.3020,2.0000,15.545384615384709,1.0000,-2.6924,5.0000,0.0100
11.6600,48.1893,1.6527,-0.4096,-28.8714,0.0529,0.0508,0.2836,-6.6669,0.7563,0.0612,0.3020,2.0000,15.501538461538557,1.0000,-2.6794,5.0000,0.0100
11.6700,47.9012,1.6489,-0.3805,-28.8023,0.0551,0.0545,0.2172,-6.6481,0.7561,0.0612,0.3020,2.0000,15.457692307692403,1.0000,-2.6665,5.0000,0.0100
11.6800,47.6139,1.6454,-0.3511,-28.7336,0.0566,0.0567,0.1508,-6.6312,0.7559,0.0612,0.3020,2.0000,15.41844642857149,1.0000,-2.6537,5.0000,0.0100
11.6900,47.3272,1.6422,-0.3215,-28.6651,0.0574,0.0550,0.0847,-6.6175,0.7557,0.0612,0.3020,2.0000,15.389934523809588,1.0000,-2.6410,4.9989,0.0100
11.7000,47.0413,1.6393,-0.2918,-28.5967,0.0576,0.0581,0.0186,-6.6067,0.7556,0.0612,0.3020,2.0000,15.361422619047683,1.0000,-2.6284,5.0000,0.0100
11.7100,46.7560,1.6367,-0.2622,-28.5286,0.0571,0.0566,-0.0473,-6.5944,0.7554,0.0612,0.3020,2.0000,15.332910714285779,1.0000,-2.6159,5.0000,0.0100
11.7200,46.4714,1.6343,-0.2327,-28.4606,0.0560,0.0554,-0.1132,-6.5822,0.7552,0.0612,0.3020,2.0000,15.304398809523875,1.0000,-2.6034,5.0000,0.0100
11.7300,46.1875,1.6323,-0.2035,-28.3927,0.0542,0.0557,-0.1789,-6.5699,0.7550,0.0612,0.3020,2.0000,15.27588690476197,1.0000,-2.5910,5.0000,0.0100
11.7400,45.9042,1.6306,-0.1748,-28.3250,0.0518,0.0525,-0.2444,-6.5576,0.7549,0.0612,0.3020,2.0000,15.247375000000067,1.0000,-2.5786,5.0000,0.0100
11.7500,45.6216,1.6291,-0.1480,-28.2572,0.0487,0.0488,-0.3048,-6.0368,0.7547,0.0612,0.3020,2.0000,15.218863095238163,1.0000,-2.5663,4.6106,0.0100
11.7600,45.3397,1.6279,-0.1205,-28.1896,0.0450,0.0426,-0.3701,-6.5331,0.7545,0.0612,0.3020,2.0000,15.190351190476258,1.0000,-2.5540,5.0000,0.0100
11.7700,45.0585,1.6269,-0.0949,-28.1220,0.0407,0.0398,-0.4312,-6.1099,0.7543,0.0612,0.3020,2.0000,15.161839285714354,1.0000,-2.5418,4.6841,0.0100
11.7800,44.7780,1.6262,-0.0692,-28.0546,0.0358,0.0357,-0.4963,-6.5086,0.7542,0.0612,0.3020,2.0000,15.13332738095245,1.0000,-2.5296,5.0000,0.0100
11.7900,44.4981,1.6258,-0.0446,-27.9872,0.0301,0.0314,-0.5613,-6.4963,0.7540,0.0612,0.3020,2.0000,15.104815476190547,1.0000,-2.5175,5.0000,0.0100
11.8000,44.2189,1.6255,-0.0271,-27.9193,0.0241,0.0251,-0.6038,-4.2483,0.7538,0.0612,0.3020,2.0000,15.076303571428642,1.0000,-2.5054,3.2735,0.0100
11.8100,43.9404,1.6254,-0.0108,-27.8514,0.0176,0.0169,-0.6464,-4.2671,0.7537,0.0612,0.3020,2.0000,15.047791666666738,1.0000,-2.4933,3.2944,0.0100
11.8200,43.6626,1.6253,-0.0066,-27.7831,0.0112,0.0100,-0.6489,-0.2478,0.7535,0.0612,0.3020,2.0000,15.019279761904833,1.0000,-2.4812,0.1915,0.0100
11.8300,43.3854,1.6254,0.0096,-27.7156,0.0041,0.0077,-0.7006,-5.1682,0.7533,0.0612,0.3020,2.0000,14.99076785714293,1.0000,-2.4690,4.0063,0.0100
11.8400,43.1089,1.6256,0.0161,-27.6478,-0.0031,-0.0013,-0.7220,-2.1422,0.7531,0.0612,0.3020,2.0000,14.962255952381026,1.0000,-2.4570,1.6626,0.0100
11.8500,42.8331,1.6258,0.0205,-27.5799,-0.0105,-0.0067,-0.7407,-1.8709,0.7530,0.0612,0.3020,2.0000,14.940637614678938,1.0000,-2.4450,1.4541,0.0100
11.8600,42.5580,1.6260,0.0153,-27.5121,-0.0178,-0.0178,-0.7290,1.1718,0.7528,0.0612,0.3020,2.0000,14.925912844036736,1.0000,-2.4330,-0.9116,0.0100
11.8700,42.2836,1.6260,0.0010,-27.4447,-0.0247,-0.0254,-0.6893,3.9757,0.7526,0.0612,0.3020,2.0000,14.911188073394534,1.0000,-2.4211,-3.0973,0.0100
11.8800,42.0098,1.6259,-0.0113,-27.3772,-0.0313,-0.0292,-0.6615,2.7702,0.7524,0.0612,0.3020,2.0000,14.896463302752332,1.0000,-2.4092,-2.1597,0.0100
11.8900,41.7367,1.6258,-0.0106,-27.3093,-0.0382,-0.0392,-0.6870,-2.5467,0.7523,0.0612,0.3020,2.0000,14.881738532110132,1.0000,-2.3974,1.9874,0.0100
11.9000,41.4643,1.6255,-0.0285,-27.2423,-0.0446,-0.0437,-0.6485,3.8557,0.7521,0.0612,0.3020,2.0000,14.86701376146793,1.0000,-2.3855,-3.0126,0.0100
11.9100,41.1925,1.6250,-0.0432,-27.1749,-0.0509,-0.0518,-0.6264,2.2034,0.7519,0.0612,0.3020,2.0000,14.852288990825729,1.0000,-2.3738,-1.7228,0.0100
11.9200,40.9214,1.6243,-0.0704,-27.1089,-0.0565,-0.0547,-0.5626,6.3814,0.7517,0.0612,0.3020,2.0000,14.837564220183527,1.0000,-2.3621,-5.0000,0.0100
11.9300,40.6510,1.6233,-0.0985,-27.0431,-0.0615,-0.0632,-0.4989,6.3750,0.7516,0.0612,0.3020,2.0000,14.822839449541325,1.0000,-2.3507,-5.0000,0.0100
11.9400,40.3812,1.6222,-0.1191,-26.9763,-0.0662,-0.0691,-0.4668,3.2019,0.7514,0.0612,0.3020,2.0000,14.808114678899123,1.0000,-2.3393,-2.5114,0.0100
11.9500,40.1121,1.6207,-0.1491,-26.9107,-0.0702,-0.0689,-0.4032,6.3624,0.7512,0.0612,0.3020,2.0000,14.793389908256923,1.0000,-2.3277,-5.0000,0.0100
11.9600,39.8437,1.6189,-0.1758,-26.8447,-0.0738,-0.0766,-0.3544,4.8781,0.7510,0.0612,0.3020,2.0000,14.778665137614722,1.0000,-2.3164,-3.8354,0.0100
11.9700,39.5759,1.6168,-0.2072,-26.7794,-0.0767,-0.0739,-0.2909,6.3497,0.7509,0.0612,0.3020,2.0000,14.76394036697252,1.0000,-2.3051,-5.0000,0.0100
11.9800,39.3088,1.6145,-0.2339,-26.7134,-0.0791,-0.0792,-0.2465,4.4411,0.7507,0.0612,0.3020,2.0000,14.749215596330318,1.0000,-2.2939,-3.4983,0.0100
11.9900,39.0423,1.6118,-0.2662,-26.6483,-0.0810,-0.0784,-0.1832,6.3370,0.7505,0.0612,0.3020,2.0000,14.734490825688116,1.0000,-2.2826,-5.0000,0.0100
12.0000,38.7764,1.6088,-0.2987,-26.5832,-0.0822,-0.0861,-0.1199,6.3307,0.7503,0.0612,0.3020,2.0000,14.719766055045914,1.0000,-2.2716,-5.0000,0.0100
12.0100,38.5113,1.6056,-0.3222,-26.5168,-0.0831,-0.0852,-0.0911,2.8790,0.7502,0.0612,0.3020,2.0000,14.705041284403713,1.0000,-2.2605,-2.2738,0.0100
12.0200,38.2468,1.6021,-0.3550,-26.4519,-0.0834,-0.0875,-0.0279,6.3180,0.7500,0.0612,0.3020,2.0000,14.690316513761513,1.0000,-2.2493,-5.0000,0.0100
12.0300,37.9829,1.5984,-0.3709,-26.3847,-0.0836,-0.0834,-0.0279,0.0000,0.7498,0.0612,0.3020,2.0000,14.67559174311931,1.0000,-2.2383,-0.0000,0.0100
12.0400,37.7197,1.5943,-0.4038,-26.3198,-0.0833,-0.0867,0.0352,6.3054,0.7497,0.0612,0.3020,2.0000,14.660866972477109,1.0000,-2.2270,-5.0000,0.0100
12.0500,37.4572,1.5901,-0.4273,-26.2535,-0.0826,-0.0841,0.0641,2.8950,0.7495,0.0612,0.3020,2.0000,14.646142201834907,1.0000,-2.2160,-2.2957,0.0100
12.0600,37.1953,1.5855,-0.4599,-26.1885,-0.0814,-0.0775,0.1271,6.2927,0.7493,0.0612,0.3020,2.0000,14.631417431192705,1.0000,-2.2049,-5.0000,0.0100
12.0700,36.9341,1.5806,-0.4848,-26.1187,-0.0798,-0.0789,0.1613,3.4292,0.7491,0.0612,0.3020,2.0000,14.895896551722966,1.0000,-2.1941,-2.6740,0.0100
12.0800,36.6737,1.5754,-0.5181,-26.0447,-0.0775,-0.0785,0.2271,6.5717,0.7490,0.0612,0.3020,2.0000,15.280034482757442,1.0000,-2.1824,-5.0000,0.0100
12.0900,36.4140,1.5701,-0.5347,-25.9633,-0.0752,-0.0735,0.2305,0.3473,0.7488,0.0612,0.3020,2.0000,15.664172413791917,1.0000,-2.1701,-0.2574,0.0100
12.1000,36.1552,1.5644,-0.5678,-25.8846,-0.0722,-0.0746,0.2976,6.7054,0.7486,0.0612,0.3020,2.0000,15.591039215686857,1.0000,-2.1566,-5.0000,0.0100
12.1100,35.8971,1.5585,-0.5885,-25.8066,-0.0690,-0.0685,0.3217,2.4118,0.7484,0.0612,0.3020,2.0000,15.403588235294704,1.0000,-2.1436,-1.8183,0.0100
12.1200,35.6398,1.5525,-0.5969,-25.7300,-0.0660,-0.0665,0.3034,-1.8298,0.7483,0.0612,0.3020,2.0000,15.21613725490255,1.0000,-2.1308,1.3964,0.0100
12.1300,35.3832,1.5463,-0.6221,-25.6572,-0.0625,-0.0637,0.3500,4.6612,0.7481,0.0612,0.3020,2.0000,15.028686274510397,1.0000,-2.1182,-3.6036,0.0100
12.1400,35.1274,1.5398,-0.6479,-25.5867,-0.0584,-0.0594,0.4022,5.2161,0.7479,0.0612,0.3020,2.0000,14.841235294118245,1.0000,-2.1062,-4.0842,0.0100
12.1500,34.8722,1.5333,-0.6577,-25.5154,-0.0544,-0.0542,0.3984,-0.3753,0.7477,0.0612,0.3020,2.0000,14.780133047210322,1.0000,-2.0947,0.2948,0.0100
12.1600,34.6178,1.5264,-0.6839,-25.4456,-0.0499,-0.0516,0.4582,5.9799,0.7476,0.0612,0.3020,2.0000,14.773180257510752,1.0000,-2.0831,-4.7052,0.0100
12.1700,34.3640,1.5195,-0.6920,-25.3740,-0.0453,-0.0435,0.4545,-0.3749,0.7474,0.0612,0.3020,2.0000,14.76622746781118,1.0000,-2.0718,0.2948,0.0100
12.1800,34.1110,1.5124,-0.7115,-25.3031,-0.0404,-0.0373,0.4964,4.1923,0.7472,0.0612,0.3020,2.0000,14.75927467811161,1.0000,-2.0602,-3.2999,0.0100
12.1900,33.8587,1.5052,-0.7234,-25.2316,-0.0352,-0.0349,0.5137,1.7287,0.7470,0.0612,0.3020,2.0000,14.75232188841204,1.0000,-2.0487,-1.3607,0.0100
12.2000,33.6071,1.4979,-0.7294,-25.1596,-0.0301,-0.0304,0.5133,-0.0387,0.7469,0.0612,0.3020,2.0000,14.74536909871247,1.0000,-2.0372,0.0304,0.0100
12.2100,33.3562,1.4906,-0.7310,-25.0874,-0.0251,-0.0239,0.5000,-1.3317,0.7467,0.0612,0.3020,2.0000,14.738416309012898,1.0000,-2.0256,1.0492,0.0100
12.2200,33.1060,1.4832,-0.7405,-25.0154,-0.0199,-0.0170,0.5196,1.9655,0.7465,0.0612,0.3020,2.0000,14.731463519313328,1.0000,-2.0140,-1.5494,0.0100
12.2300,32.8566,1.4758,-0.7317,-24.9432,-0.0151,-0.0168,0.4759,-4.3733,0.7463,0.0612,0.3020,2.0000,14.724510729613757,1.0000,-2.0025,3.4506,0.0100
12.2400,32.6079,1.4686,-0.7252,-24.8708,-0.0107,-0.0121,0.4438,-3.2153,0.7462,0.0612,0.3020,2.0000,14.717557939914187,1.0000,-1.9909,2.5375,0.0100
12.2500,32.3599,1.4613,-0.7284,-24.7982,-0.0062,-0.0049,0.4507,0.6970,0.7460,0.0612,0.3020,2.0000,14.710605150214615,1.0000,-1.9794,-0.5501,0.0100
12.2600,32.1127,1.4541,-0.7205,-24.7256,-0.0020,-0.0007,0.4198,-3.0884,0.7458,0.0612,0.3020,2.0000,14.703652360515045,1.0000,-1.9678,2.4395,0.0100
12.2700,31.8661,1.4470,-0.7050,-24.6534,0.0017,0.0016,0.3644,-5.5427,0.7457,0.0612,0.3020,2.0000,14.696699570815474,1.0000,-1.9563,4.3832,0.0100
12.2800,31.6203,1.4402,-0.6868,-24.5813,0.0047,0.0025,0.3012,-6.3178,0.7455,0.0612,0.3020,2.0000,14.689746781115904,1.0000,-1.9449,5.0000,0.0100
12.2900,31.3752,1.4333,-0.6851,-24.5083,0.0077,0.0042,0.3012,-0.0000,0.7453,0.0612,0.3020,2.0000,14.682793991416332,1.0000,-1.9335,0.0000,0.0100
12.3000,31.1309,1.4267,-0.6679,-24.4359,0.0101,0.0091,0.2460,-5.5245,0.7451,0.0612,0.3020,2.0000,14.675841201716763,1.0000,-1.9220,4.3750,0.0100
12.3100,30.8872,1.4202,-0.6480,-24.3636,0.0120,0.0159,0.1829,-6.3088,0.7450,0.0612,0.3020,2.0000,14.668888412017191,1.0000,-1.9107,5.0000,0.0100
12.3200,30.6443,1.4138,-0.6328,-24.2909,0.0134,0.0137,0.1380,-4.4860,0.7448,0.0612,0.3020,2.0000,14.661935622317621,1.0000,-1.8993,3.5548,0.0100
12.3300,30.4022,1.4076,-0.6211,-24.2178,0.0144,0.0136,0.1073,-3.0769,0.7446,0.0612,0.3020,2.0000,14.65498283261805,1.0000,-1.8880,2.4385,0.0100
12.3400,30.1607,1.4015,-0.6129,-24.1444,0.0153,0.0143,0.0898,-1.7483,0.7444,0.0612,0.3020,2.0000,14.64803004291848,1.0000,-1.8766,1.3859,0.0100
12.3500,29.9200,1.3955,-0.6010,-24.0712,0.0159,0.0172,0.0597,-3.0117,0.7443,0.0612,0.3020,2.0000,14.641077253218908,1.0000,-1.8653,2.3891,0.0100
12.3600,29.6800,1.3897,-0.5802,-23.9985,0.0159,0.0142,-0.0033,-6.2939,0.7441,0.0612,0.3020,2.0000,14.634124463519338,1.0000,-1.8539,5.0000,0.0100
12.3700,29.4408,1.3841,-0.5593,-23.9258,0.0152,0.0137,-0.0662,-6.2909,0.7439,0.0612,0.3020,2.0000,14.627171673819767,1.0000,-1.8427,5.0000,0.0100
12.3800,29.2022,1.3785,-0.5558,-23.8520,0.0146,0.0145,-0.0662,-0.0000,0.7437,0.0612,0.3020,2.0000,14.617155251141606,1.0000,-1.8315,0.0000,0.0100
12.3900,28.9645,1.3731,-0.5453,-23.7784,0.0136,0.0122,-0.0920,-2.5852,0.7436,0.0612,0.3020,2.0000,14.602543378995488,1.0000,-1.8202,2.0560,0.0100
12.4000,28.7274,1.3677,-0.5338,-23.7048,0.0124,0.0105,-0.1222,-3.0158,0.7434,0.0612,0.3020,2.0000,14.587931506849369,1.0000,-1.8090,2.4011,0.0100
12.4100,28.4911,1.3626,-0.5142,-23.6319,0.0106,0.0103,-0.1832,-6.1051,0.7432,0.0612,0.3020,2.0000,14.573319634703251,1.0000,-1.7978,4.8700,0.0100
12.4200,28.2555,1.3575,-0.5121,-23.5581,0.0088,0.0093,-0.1816,0.1630,0.7430,0.0612,0.3020,2.0000,14.558707762557132,1.0000,-1.7868,-0.1300,0.0100
12.4300,28.0207,1.3525,-0.5032,-23.4845,0.0067,0.0053,-0.2059,-2.4303,0.7429,0.0612,0.3020,2.0000,14.544095890411015,1.0000,-1.7756,1.9405,0.0100
12.4400,27.7866,1.3475,-0.4923,-23.4110,0.0043,0.0049,-0.2391,-3.3168,0.7427,0.0612,0.3020,2.0000,14.529484018264895,1.0000,-1.7645,2.6515,0.0100
12.4500,27.5532,1.3426,-0.4934,-23.3372,0.0020,0.0049,-0.2302,0.8907,0.7425,0.0612,0.3020,2.0000,14.514872146118778,1.0000,-1.7535,-0.7125,0.0100
12.4600,27.3205,1.3377,-0.4916,-23.2634,-0.0003,-0.0017,-0.2336,-0.3411,0.7423,0.0612,0.3020,2.0000,14.500260273972659,1.0000,-1.7424,0.2732,0.0100
12.4700,27.0887,1.3328,-0.4857,-23.1897,-0.0029,-0.0011,-0.2535,-1.9930,0.7422,0.0612,0.3020,2.0000,14.485648401826541,1.0000,-1.7314,1.5977,0.0100
12.4800,26.8575,1.3280,-0.4837,-23.1159,-0.0055,-0.0046,-0.2611,-0.7625,0.7420,0.0612,0.3020,2.0000,14.471036529680422,1.0000,-1.7205,0.6118,0.0100
12.4900,26.6271,1.3231,-0.4931,-23.0424,-0.0078,-0.0089,-0.2288,3.2355,0.7418,0.0612,0.3020,2.0000,14.456424657534305,1.0000,-1.7095,-2.5995,0.0100
12.5000,26.3974,1.3182,-0.4893,-22.9687,-0.0102,-0.0070,-0.2464,-1.7610,0.7417,0.0612,0.3020,2.0000,14.441812785388185,1.0000,-1.6987,1.4160,0.0100
12.5100,26.1684,1.3133,-0.4870,-22.8949,-0.0128,-0.0146,-0.2603,-1.3867,0.7415,0.0612,0.3020,2.0000,14.427200913242068,1.0000,-1.6878,1.1161,0.0100
12.5200,25.9402,1.3083,-0.5022,-22.8218,-0.0149,-0.0134,-0.2121,4.8174,0.7413,0.0612,0.3020,2.0000,14.412589041095949,1.0000,-1.6770,-3.8839,0.0100
12.5300,25.7127,1.3033,-0.5008,-22.7481,-0.0172,-0.0203,-0.2259,-1.3839,0.7411,0.0612,0.3020,2.0000,14.397977168949831,1.0000,-1.6664,1.1161,0.0100
12.5400,25.4860,1.2981,-0.5153,-22.6750,-0.0190,-0.0189,-0.1836,4.2355,0.7410,0.0612,0.3020,2.0000,14.383365296803714,1.0000,-1.6556,-3.4211,0.0100
12.5500,25.2600,1.2928,-0.5305,-22.6019,-0.0204,-0.0187,-0.1395,4.4102,0.7408,0.0612,0.3020,2.0000,14.368753424657594,1.0000,-1.6450,-3.5660,0.0100
12.5600,25.0347,1.2875,-0.5291,-22.5282,-0.0220,-0.0220,-0.1572,-1.7726,0.7406,0.0612,0.3020,2.0000,14.354141552511477,1.0000,-1.6345,1.4340,0.0100
12.5700,24.8101,1.2821,-0.5449,-22.4553,-0.0231,-0.0244,-0.1132,4.4012,0.7404,0.0612,0.3020,2.0000,14.339529680365358,1.0000,-1.6238,-3.5660,0.0100
12.5800,24.5863,1.2766,-0.5440,-22.3816,-0.0244,-0.0271,-0.1309,-1.7690,0.7403,0.0612,0.3020,2.0000,14.32491780821924,1.0000,-1.6133,1.4340,0.0100
12.5900,24.3632,1.2710,-0.5602,-22.3087,-0.0253,-0.0261,-0.0870,4.3922,0.7401,0.0612,0.3020,2.0000,14.31030593607312,1.0000,-1.6028,-3.5660,0.0100
12.6000,24.1409,1.2654,-0.5597,-22.2350,-0.0264,-0.0246,-0.1046,-1.7659,0.7399,0.0612,0.3020,2.0000,14.299823529411793,1.0000,-1.5924,1.4340,0.0100
12.6100,23.9193,1.2597,-0.5680,-22.1615,-0.0273,-0.0262,-0.0908,1.3821,0.7397,0.0612,0.3020,2.0000,14.293470588235321,1.0000,-1.5819,-1.1228,0.0100
12.6200,23.6984,1.2539,-0.5875,-22.0886,-0.0276,-0.0270,-0.0370,5.3814,0.7396,0.0612,0.3020,2.0000,14.287117647058851,1.0000,-1.5715,-4.3777,0.0100
12.6300,23.4782,1.2478,-0.6028,-22.0153,-0.0276,-0.0278,0.0016,3.8546,0.7394,0.0612,0.3020,2.0000,14.280764705882381,1.0000,-1.5612,-3.1355,0.0100
12.6400,23.2588,1.2416,-0.6211,-21.9422,-0.0271,-0.0277,0.0511,4.9550,0.7392,0.0612,0.3020,2.0000,14.27441176470591,1.0000,-1.5509,-4.0338,0.0100
12.6500,23.0401,1.2354,-0.6264,-21.8681,-0.0266,-0.0268,0.0532,0.2065,0.7390,0.0612,0.3020,2.0000,14.26805882352944,1.0000,-1.5406,-0.1680,0.0100
12.6600,22.8222,1.2290,-0.6318,-21.7940,-0.0260,-0.0262,0.0566,0.3383,0.7389,0.0612,0.3020,2.0000,14.261705882352969,1.0000,-1.5303,-0.2754,0.0100
12.6700,22.6050,1.2226,-0.6479,-21.7204,-0.0250,-0.0290,0.0990,4.2401,0.7387,0.0612,0.3020,2.0000,14.255352941176499,1.0000,-1.5199,-3.4557,0.0100
12.6800,22.3885,1.2160,-0.6596,-21.6463,-0.0238,-0.0252,0.1263,2.7330,0.7385,0.0612,0.3020,2.0000,14.249000000000029,1.0000,-1.5097,-2.2276,0.0100
12.6900,22.1728,1.2092,-0.6725,-21.5723,-0.0222,-0.0235,0.1589,3.2578,0.7383,0.0612,0.3020,2.0000,14.242647058823557,1.0000,-1.4995,-2.6567,0.0100
12.7000,21.9578,1.2024,-0.6818,-21.4979,-0.0204,-0.0222,0.1798,2.0923,0.7382,0.0612,0.3020,2.0000,14.236294117647088,1.0000,-1.4892,-1.7067,0.0100
12.7100,21.7436,1.1955,-0.6885,-21.4233,-0.0185,-0.0208,0.1919,1.2091,0.7380,0.0612,0.3020,2.0000,14.229941176470616,1.0000,-1.4790,-0.9866,0.0100
12.7200,21.5301,1.1886,-0.6964,-21.3487,-0.0164,-0.0188,0.2100,1.8147,0.7378,0.0612,0.3020,2.0000,14.223588235294146,1.0000,-1.4688,-1.4816,0.0100
12.7300,21.3173,1.1814,-0.7155,-21.2749,-0.0136,-0.0173,0.2707,6.0684,0.7377,0.0612,0.3020,2.0000,14.217235294117677,1.0000,-1.4586,-4.9621,0.0100
12.7400,21.1053,1.1743,-0.7174,-21.1999,-0.0109,-0.0107,0.2703,-0.0464,0.7375,0.0612,0.3020,2.0000,14.210882352941205,1.0000,-1.4486,0.0379,0.0100
12.7500,20.8941,1.1670,-0.7214,-21.1249,-0.0081,-0.0076,0.2796,0.9387,0.7373,0.0612,0.3020,2.0000,14.204529411764735,1.0000,-1.4384,-0.7673,0.0100
12.7600,20.6836,1.1598,-0.7244,-21.0497,-0.0053,-0.0022,0.2872,0.7529,0.7371,0.0612,0.3020,2.0000,14.198176470588264,1.0000,-1.4282,-0.6157,0.0100
12.7700,20.4738,1.1525,-0.7261,-20.9745,-0.0024,-0.0025,0.2921,0.4895,0.7370,0.0612,0.3020,2.0000,14.191823529411794,1.0000,-1.4181,-0.4005,0.0100
12.7800,20.2649,1.1453,-0.7250,-20.8991,0.0005,0.0010,0.2889,-0.3120,0.7368,0.0612,0.3020,2.0000,14.185470588235324,1.0000,-1.4080,0.2554,0.0100
12.7900,20.0566,1.1380,-0.7247,-20.8237,0.0034,0.0031,0.2908,0.1858,0.7366,0.0612,0.3020,2.0000,14.179117647058852,1.0000,-1.3979,-0.1521,0.0100
12.8000,19.8491,1.1310,-0.7072,-20.7489,0.0058,0.0054,0.2317,-5.9104,0.7364,0.0612,0.3020,2.0000,14.172764705882383,1.0000,-1.3878,4.8479,0.0100
12.8100,19.6424,1.1240,-0.7009,-20.6733,0.0079,0.0083,0.2152,-1.6526,0.7363,0.0612,0.3020,2.0000,14.166411764705911,1.0000,-1.3779,1.3546,0.0100
12.8200,19.4364,1.1171,-0.6824,-20.5984,0.0095,0.0094,0.1560,-5.9159,0.7361,0.0612,0.3020,2.0000,14.160058823529441,1.0000,-1.3678,4.8567,0.0100
12.8300,19.2312,1.1103,-0.6805,-20.5226,0.0111,0.0082,0.1578,0.1746,0.7359,0.0612,0.3020,2.0000,14.153705882352972,1.0000,-1.3579,-0.1433,0.0100
12.8400,19.0267,1.1037,-0.6652,-20.4473,0.0122,0.0147,0.1123,-4.5451,0.7357,0.0612,0.3020,2.0000,14.1473529411765,1.0000,-1.3479,3.7329,0.0100
12.8500,18.8230,1.0971,-0.6565,-20.3715,0.0131,0.0121,0.0912,-2.1160,0.7356,0.0612,0.3020,2.0000,14.14100000000003,1.0000,-1.3380,1.7376,0.0100
12.8600,18.6200,1.0907,-0.6452,-20.2958,0.0137,0.0122,0.0613,-2.9862,0.7354,0.0612,0.3020,2.0000,14.12966197183104,1.0000,-1.3281,2.4547,0.0100
12.8700,18.4178,1.0843,-0.6314,-20.2202,0.0139,0.0155,0.0229,-3.8430,0.7352,0.0612,0.3020,2.0000,14.118323943662025,1.0000,-1.3182,3.1621,0.0100
12.8800,18.2164,1.0781,-0.6234,-20.1443,0.0140,0.0140,0.0056,-1.7237,0.7350,0.0612,0.3020,2.0000,14.106985915493013,1.0000,-1.3084,1.4188,0.0100
12.8900,18.0157,1.0719,-0.6220,-20.0682,0.0141,0.0153,0.0123,0.6692,0.7349,0.0612,0.3020,2.0000,14.095647887323999,1.0000,-1.2986,-0.5512,0.0100
12.9000,17.8158,1.0659,-0.6039,-19.9929,0.0137,0.0112,-0.0416,-5.3910,0.7347,0.0612,0.3020,2.0000,14.084309859154985,1.0000,-1.2888,4.4488,0.0100
12.9100,17.6166,1.0598,-0.6026,-19.9168,0.0133,0.0153,-0.0349,0.6681,0.7345,0.0612,0.3020,2.0000,14.07297183098597,1.0000,-1.2791,-0.5512,0.0100
12.9200,17.4182,1.0539,-0.5937,-19.8409,0.0128,0.0120,-0.0559,-2.0948,0.7343,0.0612,0.3020,2.0000,14.061633802816957,1.0000,-1.2694,1.7300,0.0100
12.9300,17.2206,1.0481,-0.5755,-19.7655,0.0117,0.0107,-0.1111,-5.5200,0.7342,0.0612,0.3020,2.0000,14.050295774647942,1.0000,-1.2597,4.5665,0.0100
12.9400,17.0237,1.0424,-0.5743,-19.6894,0.0106,0.0122,-0.1058,0.5242,0.7340,0.0612,0.3020,2.0000,14.038957746478928,1.0000,-1.2502,-0.4335,0.0100
12.9500,16.8275,1.0368,-0.5618,-19.6135,0.0092,0.0084,-0.1419,-3.6102,0.7338,0.0612,0.3020,2.0000,14.027619718309916,1.0000,-1.2405,2.9896,0.0100
12.9600,16.6322,1.0311,-0.5662,-19.5374,0.0080,0.0071,-0.1177,2.4264,0.7337,0.0612,0.3020,2.0000,14.016281690140902,1.0000,-1.2310,-2.0104,0.0100
12.9700,16.4375,1.0256,-0.5543,-19.4615,0.0065,0.0048,-0.1537,-3.6044,0.7335,0.0612,0.3020,2.0000,14.004943661971888,1.0000,-1.2215,2.9896,0.0100
12.9800,16.2437,1.0200,-0.5593,-19.3854,0.0052,0.0069,-0.1295,2.4224,0.7333,0.0612,0.3020,2.0000,13.993605633802874,1.0000,-1.2120,-2.0104,0.0100
12.9900,16.0506,1.0144,-0.5564,-19.3091,0.0038,0.0068,-0.1346,-0.5130,0.7331,0.0612,0.3020,2.0000,13.98226760563386,1.0000,-1.2025,0.4260,0.0100
13.0000,15.8583,1.0090,-0.5459,-19.2331,0.0022,0.0026,-0.1682,-3.3608,0.7330,0.0612,0.3020,2.0000,13.970929577464846,1.0000,-1.1931,2.7942,0.0100
13.0100,15.6667,1.0034,-0.5523,-19.1570,0.0007,0.0006,-0.1417,2.6513,0.7328,0.0612,0.3020,2.0000,13.959591549295833,1.0000,-1.1837,-2.2058,0.0100
13.0200,15.4759,0.9979,-0.5511,-19.0807,-0.0007,-0.0035,-0.1441,-0.2433,0.7326,0.0612,0.3020,2.0000,13.94825352112682,1.0000,-1.1744,0.2025,0.0100
13.0300,15.2858,0.9924,-0.5560,-19.0045,-0.0019,-0.0028,-0.1250,1.9109,0.7324,0.0612,0.3020,2.0000,13.936915492957805,1.0000,-1.1650,-1.5922,0.0100
13.0400,15.0966,0.9869,-0.5450,-18.9284,-0.0036,-0.0075,-0.1645,-3.9516,0.7323,0.0612,0.3020,2.0000,13.925577464788791,1.0000,-1.1557,3.2966,0.0100
13.0500,14.9080,0.9815,-0.5445,-18.8521,-0.0053,-0.0047,-0.1674,-0.2818,0.7321,0.0612,0.3020,2.0000,13.914239436619777,1.0000,-1.1465,0.2351,0.0100
13.0600,14.7203,0.9759,-0.5567,-18.7762,-0.0065,-0.0082,-0.1251,4.2298,0.7319,0.0612,0.3020,2.0000,13.902901408450763,1.0000,-1.1373,-3.5348,0.0100
13.0700,14.5333,0.9703,-0.5608,-18.6999,-0.0076,-0.0050,-0.1131,1.1924,0.7317,0.0612,0.3020,2.0000,13.891563380281749,1.0000,-1.1282,-0.9967,0.0100
13.0800,14.3470,0.9645,-0.5747,-18.6240,-0.0083,-0.0045,-0.0665,4.6661,0.7316,0.0612,0.3020,2.0000,13.880225352112737,1.0000,-1.1190,-3.9063,0.0100
13.0900,14.1616,0.9588,-0.5722,-18.5477,-0.0091,-0.0111,-0.0795,-1.3063,0.7314,0.0612,0.3020,2.0000,13.868887323943722,1.0000,-1.1100,1.0937,0.0100
13.1000,13.9768,0.9530,-0.5864,-18.4718,-0.0094,-0.0092,-0.0330,4.6585,0.7312,0.0612,0.3020,2.0000,13.857549295774708,1.0000,-1.1009,-3.9063,0.0100
13.1100,13.7929,0.9471,-0.5841,-18.3955,-0.0099,-0.0110,-0.0460,-1.3042,0.7310,0.0612,0.3020,2.0000,13.846211267605694,1.0000,-1.0919,1.0937,0.0100
13.1200,13.6097,0.9411,-0.5984,-18.3196,-0.0099,-0.0139,0.0005,4.6509,0.7309,0.0612,0.3020,2.0000,13.83487323943668,1.0000,-1.0829,-3.9063,0.0100
13.1300,13.4273,0.9352,-0.5961,-18.2432,-0.0100,-0.0089,-0.0125,-1.3020,0.7307,0.0612,0.3020,2.0000,13.823535211267666,1.0000,-1.0741,1.0937,0.0100
13.1400,13.2456,0.9292,-0.5987,-18.1669,-0.0101,-0.0096,-0.0085,0.3961,0.7305,0.0612,0.3020,2.0000,13.80827137546478,1.0000,-1.0651,-0.3331,0.0100
13.1500,13.0647,0.9230,-0.6165,-18.0915,-0.0096,-0.0105,0.0508,5.9310,0.7303,0.0612,0.3020,2.0000,13.790390334572587,1.0000,-1.0562,-5.0000,0.0100
13.1600,12.8845,0.9168,-0.6179,-18.0153,-0.0091,-0.0107,0.0508,0.0000,0.7302,0.0612,0.3020,2.0000,13.772509293680395,1.0000,-1.0475,-0.0000,0.0100
13.1700,12.7051,0.9106,-0.6288,-17.9395,-0.0082,-0.0085,0.0859,3.5092,0.7300,0.0612,0.3020,2.0000,13.754628252788201,1.0000,-1.0387,-2.9636,0.0100
13.1800,12.5265,0.9041,-0.6411,-17.8639,-0.0070,-0.0101,0.1264,4.0518,0.7298,0.0612,0.3020,2.0000,13.736747211896008,1.0000,-1.0300,-3.4268,0.0100
13.1900,12.3486,0.8978,-0.6368,-17.7880,-0.0059,-0.0059,0.1078,-1.8586,0.7297,0.0612,0.3020,2.0000,13.718866171003816,1.0000,-1.0214,1.5732,0.0100
13.2000,12.1715,0.8913,-0.6446,-17.7123,-0.0046,-0.0063,0.1338,2.6031,0.7295,0.0612,0.3020,2.0000,13.700985130111622,1.0000,-1.0127,-2.2066,0.0100
13.2100,11.9951,0.8848,-0.6493,-17.6366,-0.0031,-0.0047,0.1495,1.5676,0.7293,0.0612,0.3020,2.0000,13.68310408921943,1.0000,-1.0042,-1.3303,0.0100
13.2200,11.8195,0.8783,-0.6524,-17.5609,-0.0015,-0.0003,0.1605,1.0999,0.7291,0.0612,0.3020,2.0000,13.665223048327237,1.0000,-0.9956,-0.9346,0.0100
13.2300,11.6447,0.8718,-0.6467,-17.4854,-0.0000,-0.0003,0.1406,-1.9879,0.7290,0.0612,0.3020,2.0000,13.647342007435043,1.0000,-0.9871,1.6915,0.0100
13.2400,11.4706,0.8653,-0.6550,-17.4101,0.0017,0.0053,0.1724,3.1811,0.7288,0.0612,0.3020,2.0000,13.629460966542851,1.0000,-0.9786,-2.7110,0.0100
13.2500,11.2972,0.8588,-0.6468,-17.3348,0.0031,0.0032,0.1456,-2.6827,0.7286,0.0612,0.3020,2.0000,13.611579925650657,1.0000,-0.9702,2.2890,0.0100
13.2600,11.1246,0.8523,-0.6510,-17.2595,0.0048,0.0058,0.1646,1.9026,0.7284,0.0612,0.3020,2.0000,13.593698884758464,1.0000,-0.9618,-1.6253,0.0100
13.2700,10.9528,0.8459,-0.6449,-17.1843,0.0063,0.0035,0.1476,-1.7029,0.7283,0.0612,0.3020,2.0000,13.575817843866272,1.0000,-0.9535,1.4566,0.0100
13.2800,10.7817,0.8396,-0.6301,-17.1097,0.0073,0.0070,0.1005,-4.7086,0.7281,0.0612,0.3020,2.0000,13.557936802974078,1.0000,-0.9452,4.0358,0.0100
13.2900,10.6113,0.8333,-0.6302,-17.0347,0.0083,0.0064,0.1073,0.6814,0.7279,0.0612,0.3020,2.0000,13.540055762081884,1.0000,-0.9370,-0.5844,0.0100
13.3000,10.4417,0.8271,-0.6139,-16.9604,0.0089,0.0048,0.0559,-5.1374,0.7277,0.0612,0.3020,2.0000,13.522174721189693,1.0000,-0.9288,4.4156,0.0100
13.3100,10.2729,0.8210,-0.6136,-16.8855,0.0095,0.0099,0.0627,0.6796,0.7276,0.0612,0.3020,2.0000,13.504293680297499,1.0000,-0.9207,-0.5844,0.0100
13.3200,10.1048,0.8150,-0.5995,-16.8112,0.0097,0.0085,0.0201,-4.2647,0.7274,0.0612,0.3020,2.0000,13.486412639405307,1.0000,-0.9126,3.6741,0.0100
13.3300,9.9374,0.8090,-0.6016,-16.7365,0.0101,0.0122,0.0355,1.5379,0.7272,0.0612,0.3020,2.0000,13.468531598513113,1.0000,-0.9046,-1.3259,0.0100
13.3400,9.7708,0.8031,-0.5874,-16.6624,0.0100,0.0125,-0.0071,-4.2533,0.7270,0.0612,0.3020,2.0000,13.45065055762092,1.0000,-0.8965,3.6741,0.0100
13.3500,9.6049,0.7972,-0.5871,-16.5879,0.0100,0.0113,-0.0000,0.7041,0.7269,0.0612,0.3020,2.0000,13.432769516728728,1.0000,-0.8886,-0.6086,0.0100
13.3600,9.4398,0.7914,-0.5879,-16.5135,0.0101,0.0079,0.0108,1.0853,0.7267,0.0612,0.3020,2.0000,13.414888475836534,1.0000,-0.8807,-0.9394,0.0100
13.3700,9.2754,0.7856,-0.5725,-16.4397,0.0098,0.0107,-0.0360,-4.6813,0.7265,0.0612,0.3020,2.0000,13.39700743494434,1.0000,-0.8728,4.0606,0.0100
13.3800,9.1117,0.7799,-0.5733,-16.3655,0.0095,0.0108,-0.0252,1.0824,0.7263,0.0612,0.3020,2.0000,13.379126394052149,1.0000,-0.8650,-0.9394,0.0100
13.3900,8.9488,0.7743,-0.5581,-16.2920,0.0088,0.0086,-0.0718,-4.6688,0.7262,0.0612,0.3020,2.0000,13.361245353159955,1.0000,-0.8572,4.0606,0.0100
13.4000,8.7866,0.7688,-0.5540,-16.2180,0.0080,0.0082,-0.0795,-0.7621,0.7260,0.0612,0.3020,2.0000,13.343364312267763,1.0000,-0.8495,0.6632,0.0100
13.4100,8.6252,0.7633,-0.5522,-16.1439,0.0072,0.0095,-0.0792,0.0240,0.7258,0.0612,0.3020,2.0000,13.33792156862745,1.0000,-0.8418,-0.0209,0.0100
13.4200,8.4645,0.7577,-0.5580,-16.0698,0.0067,0.0095,-0.0523,2.6954,0.7257,0.0612,0.3020,2.0000,13.337809523809524,1.0000,-0.8341,-2.3471,0.0100
13.4300,8.3045,0.7522,-0.5479,-15.9957,0.0058,0.0048,-0.0827,-3.0463,0.7255,0.0612,0.3020,2.0000,13.337697478991597,1.0000,-0.8265,2.6529,0.0100
13.4400,8.1453,0.7467,-0.5443,-15.9211,0.0049,0.0049,-0.0903,-0.7613,0.7253,0.0612,0.3020,2.0000,13.33758543417367,1.0000,-0.8189,0.6627,0.0100
13.4500,7.9868,0.7413,-0.5469,-15.8465,0.0042,0.0042,-0.0765,1.3883,0.7251,0.0612,0.3020,2.0000,13.337473389355742,1.0000,-0.8113,-1.2087,0.0100
13.4600,7.8291,0.7358,-0.5430,-15.7717,0.0033,0.0037,-0.0861,-0.9642,0.7250,0.0612,0.3020,2.0000,13.337361344537815,1.0000,-0.8037,0.8394,0.0100
13.4700,7.6721,0.7305,-0.5346,-15.6969,0.0022,0.0034,-0.1126,-2.6454,0.7248,0.0612,0.3020,2.0000,13.337249299719888,1.0000,-0.7961,2.3036,0.0100
13.4800,7.5159,0.7252,-0.5313,-15.6218,0.0010,0.0001,-0.1217,-0.9106,0.7246,0.0612,0.3020,2.0000,13.337137254901961,1.0000,-0.7886,0.7928,0.0100
13.4900,7.3605,0.7198,-0.5438,-15.5470,0.0002,0.0034,-0.0752,4.6499,0.7244,0.0612,0.3020,2.0000,13.337025210084034,1.0000,-0.7810,-4.0515,0.0100
13.5000,7.2057,0.7143,-0.5403,-15.4716,-0.0006,0.0001,-0.0861,-1.0894,0.7243,0.0612,0.3020,2.0000,13.336913165266106,1.0000,-0.7736,0.9485,0.0100
13.5100,7.0518,0.7089,-0.5408,-15.3961,-0.0015,-0.0026,-0.0833,0.2794,0.7241,0.0612,0.3020,2.0000,13.336801120448179,1.0000,-0.7661,-0.2432,0.0100
13.5200,6.8986,0.7035,-0.5401,-15.3204,-0.0023,-0.0004,-0.0855,-0.2207,0.7239,0.0612,0.3020,2.0000,13.336689075630252,1.0000,-0.7587,0.1921,0.0100
13.5300,6.7461,0.6981,-0.5391,-15.2446,-0.0032,-0.0018,-0.0895,-0.3980,0.7237,0.0612,0.3020,2.0000,13.336577030812325,1.0000,-0.7512,0.3465,0.0100
13.5400,6.5944,0.6927,-0.5488,-15.1689,-0.0038,-0.0042,-0.0557,3.3722,0.7236,0.0612,0.3020,2.0000,13.336464985994398,1.0000,-0.7438,-2.9372,0.0100
13.5500,6.4435,0.6872,-0.5424,-15.0929,-0.0046,-0.0028,-0.0794,-2.3688,0.7234,0.0612,0.3020,2.0000,13.33635294117647,1.0000,-0.7365,2.0628,0.0100
13.5600,6.2933,0.6817,-0.5524,-15.0169,-0.0050,-0.0066,-0.0457,3.3722,0.7232,0.0612,0.3020,2.0000,13.336240896358543,1.0000,-0.7291,-2.9372,0.0100
13.5700,6.1439,0.6761,-0.5592,-14.9407,-0.0053,-0.0060,-0.0235,2.2231,0.7230,0.0612,0.3020,2.0000,13.336128851540616,1.0000,-0.7218,-1.9358,0.0100
13.5800,5.9953,0.6706,-0.5506,-14.8643,-0.0058,-0.0061,-0.0560,-3.2535,0.7229,0.0612,0.3020,2.0000,13.33601680672269,1.0000,-0.7145,2.8338,0.0100
13.5900,5.8474,0.6650,-0.5569,-14.7878,-0.0062,-0.0064,-0.0360,1.9952,0.7227,0.0612,0.3020,2.0000,13.335904761904763,1.0000,-0.7072,-1.7374,0.0100
13.6000,5.7003,0.6594,-0.5645,-14.7111,-0.0063,-0.0057,-0.0119,2.4138,0.7225,0.0612,0.3020,2.0000,13.335792717086834,1.0000,-0.7000,-2.1021,0.0100
13.6100,5.5540,0.6538,-0.5597,-14.6342,-0.0066,-0.0045,-0.0317,-1.9791,0.7223,0.0612,0.3020,2.0000,13.335680672268907,1.0000,-0.6927,1.7234,0.0100
13.6200,5.4084,0.6481,-0.5711,-14.5575,-0.0066,-0.0065,0.0059,3.7612,0.7222,0.0612,0.3020,2.0000,13.33556862745098,1.0000,-0.6855,-3.2766,0.0100
13.6300,5.2636,0.6424,-0.5686,-14.4802,-0.0066,-0.0067,-0.0061,-1.1965,0.7220,0.0612,0.3020,2.0000,13.335456582633054,1.0000,-0.6784,1.0419,0.0100
13.6400,5.1196,0.6367,-0.5711,-14.4029,-0.0066,-0.0046,-0.0005,0.5582,0.7218,0.0612,0.3020,2.0000,13.335344537815127,1.0000,-0.6712,-0.4860,0.0100
13.6500,4.9763,0.6310,-0.5737,-14.3254,-0.0066,-0.0043,0.0061,0.6538,0.7217,0.0612,0.3020,2.0000,13.3352324929972,1.0000,-0.6641,-0.5692,0.0100
13.6600,4.8338,0.6252,-0.5732,-14.2477,-0.0066,-0.0058,0.0011,-0.4954,0.7215,0.0612,0.3020,2.0000,13.335120448179271,1.0000,-0.6569,0.4314,0.0100
13.6700,4.6921,0.6195,-0.5710,-14.1699,-0.0066,-0.0090,-0.0097,-1.0860,0.7213,0.0612,0.3020,2.0000,13.335008403361345,1.0000,-0.6498,0.9456,0.0100
13.6800,4.5512,0.6137,-0.5800,-14.0922,-0.0065,-0.0060,0.0191,2.8876,0.7211,0.0612,0.3020,2.0000,13.334896358543418,1.0000,-0.6428,-2.5151,0.0100
13.6900,4.4111,0.6079,-0.5811,-14.0142,-0.0063,-0.0053,0.0202,0.1065,0.7210,0.0612,0.3020,2.0000,13.334784313725491,1.0000,-0.6358,-0.0927,0.0100
13.7000,4.2717,0.6021,-0.5760,-13.9360,-0.0063,-0.0077,-0.0006,-2.0839,0.7208,0.0612,0.3020,2.0000,13.334672268907564,1.0000,-0.6287,1.8148,0.0100
13.7100,4.1331,0.5964,-0.5774,-13.8577,-0.0062,-0.0045,0.0014,0.2026,0.7206,0.0612,0.3020,2.0000,13.334560224089635,1.0000,-0.6217,-0.1764,0.0100
13.7200,3.9953,0.5905,-0.5840,-13.7793,-0.0060,-0.0011,0.0221,2.0711,0.7204,0.0612,0.3020,2.0000,13.334448179271709,1.0000,-0.6148,-1.8037,0.0100
13.7300,3.8583,0.5846,-0.5963,-13.7011,-0.0054,-0.0065,0.0629,4.0847,0.7203,0.0612,0.3020,2.0000,13.334336134453782,1.0000,-0.6079,-3.5591,0.0100
13.7400,3.7221,0.5786,-0.5923,-13.6224,-0.0049,-0.0034,0.0464,-1.6546,0.7201,0.0612,0.3020,2.0000,13.334224089635855,1.0000,-0.6010,1.4409,0.0100
13.7500,3.5867,0.5727,-0.5938,-13.5435,-0.0044,-0.0025,0.0497,0.3292,0.7199,0.0612,0.3020,2.0000,13.334112044817928,1.0000,-0.5941,-0.2866,0.0100
13.7600,3.4520,0.5667,-0.6035,-13.4647,-0.0036,-0.0040,0.0825,3.2838,0.7197,0.0612,0.3020,2.0000,13.334,1.0000,-0.5873,-2.8607,0.0100
13.7700,3.3182,0.5607,-0.5969,-13.3859,-0.0030,-0.0028,0.0580,-2.4540,0.7196,0.0612,0.3020,2.0000,13.321748091603135,1.0000,-0.5805,2.1393,0.0100
13.7800,3.1851,0.5548,-0.5883,-13.3071,-0.0028,-0.0008,0.0268,-3.1162,0.7194,0.0612,0.3020,2.0000,13.309496183206189,1.0000,-0.5737,2.7196,0.0100
13.7900,3.0528,0.5489,-0.5958,-13.2283,-0.0022,-0.0026,0.0529,2.6109,0.7192,0.0612,0.3020,2.0000,13.297244274809243,1.0000,-0.5670,-2.2804,0.0100
13.8000,2.9213,0.5430,-0.5871,-13.1496,-0.0020,-0.0012,0.0218,-3.1105,0.7190,0.0612,0.3020,2.0000,13.284992366412297,1.0000,-0.5603,2.7196,0.0100
13.8100,2.7906,0.5371,-0.5871,-13.0707,-0.0018,-0.0000,0.0216,-0.0248,0.7189,0.0612,0.3020,2.0000,13.272740458015349,1.0000,-0.5536,0.0217,0.0100
13.8200,2.6607,0.5312,-0.5925,-12.9920,-0.0014,-0.0019,0.0409,1.9308,0.7187,0.0612,0.3020,2.0000,13.260488549618403,1.0000,-0.5470,-1.6909,0.0100
13.8300,2.5315,0.5253,-0.5883,-12.9132,-0.0011,-0.0030,0.0262,-1.4642,0.7185,0.0612,0.3020,2.0000,13.248236641221457,1.0000,-0.5405,1.2834,0.0100
13.8400,2.4032,0.5195,-0.5823,-12.8346,-0.0011,0.0023,0.0054,-2.0864,0.7183,0.0612,0.3020,2.0000,13.23598473282451,1.0000,-0.5339,1.8306,0.0100
13.8500,2.2756,0.5136,-0.5894,-12.7560,-0.0008,-0.0017,0.0312,2.5776,0.7182,0.0612,0.3020,2.0000,13.223732824427564,1.0000,-0.5274,-2.2638,0.0100
13.8600,2.1489,0.5078,-0.5835,-12.6774,-0.0007,-0.0001,0.0110,-2.0132,0.7180,0.0612,0.3020,2.0000,13.211480916030618,1.0000,-0.5210,1.7696,0.0100
13.8700,2.0229,0.5020,-0.5801,-12.5988,-0.0007,0.0008,-0.0003,-1.1287,0.7178,0.0612,0.3020,2.0000,13.199229007633672,1.0000,-0.5146,0.9929,0.0100
13.8800,1.8977,0.4961,-0.5867,-12.5203,-0.0004,-0.0001,0.0238,2.4021,0.7177,0.0612,0.3020,2.0000,13.186977099236726,1.0000,-0.5083,-2.1155,0.0100
13.8900,1.7733,0.4902,-0.5894,-12.4418,-0.0001,0.0017,0.0341,1.0305,0.7175,0.0612,0.3020,2.0000,13.17472519083978,1.0000,-0.5020,-0.9082,0.0100
13.9000,1.6496,0.4844,-0.5760,-12.3637,-0.0002,-0.0005,-0.0123,-4.6346,0.7173,0.0612,0.3020,2.0000,13.162473282442834,1.0000,-0.4957,4.0918,0.0100
13.9100,1.5268,0.4787,-0.5786,-12.2853,-0.0002,0.0007,-0.0020,1.0286,0.7171,0.0612,0.3020,2.0000,13.150221374045888,1.0000,-0.4895,-0.9082,0.0100
13.9200,1.4047,0.4730,-0.5703,-12.2070,-0.0005,-0.0003,-0.0302,-2.8220,0.7170,0.0612,0.3020,2.0000,13.13796946564894,1.0000,-0.4833,2.4948,0.0100
13.9300,1.2834,0.4673,-0.5681,-12.1286,-0.0009,-0.0001,-0.0373,-0.7105,0.7168,0.0612,0.3020,2.0000,13.125717557251994,1.0000,-0.4771,0.6285,0.0100
13.9400,1.1629,0.4616,-0.5709,-12.0503,-0.0012,-0.0005,-0.0271,1.0238,0.7166,0.0612,0.3020,2.0000,13.113465648855048,1.0000,-0.4710,-0.9065,0.0100
13.9500,1.0432,0.4559,-0.5637,-11.9721,-0.0017,-0.0017,-0.0521,-2.5045,0.7164,0.0612,0.3020,2.0000,13.101213740458101,1.0000,-0.4650,2.2202,0.0100
13.9600,0.9242,0.4502,-0.5718,-11.8940,-0.0019,-0.0026,-0.0236,2.8565,0.7163,0.0612,0.3020,2.0000,13.088961832061155,1.0000,-0.4590,-2.5347,0.0100
13.9700,0.8061,0.4445,-0.5660,-11.8159,-0.0024,-0.0001,-0.0440,-2.0444,0.7161,0.0612,0.3020,2.0000,13.07670992366421,1.0000,-0.4530,1.8155,0.0100
13.9800,0.6887,0.4388,-0.5700,-11.7378,-0.0027,-0.0028,-0.0303,1.3761,0.7159,0.0612,0.3020,2.0000,13.064458015267263,1.0000,-0.4471,-1.2231,0.0100
13.9900,0.5721,0.4332,-0.5686,-11.6596,-0.0030,-0.0010,-0.0361,-0.5895,0.7157,0.0612,0.3020,2.0000,13.052206106870317,1.0000,-0.4412,0.5244,0.0100
14.0000,0.4563,0.4275,-0.5704,-11.5816,-0.0033,-0.0012,-0.0304,0.5700,0.7156,0.0612,0.3020,2.0000,13.039954198473371,1.0000,-0.4354,-0.5075,0.0100
14.0100,0.3413,0.4217,-0.5742,-11.5036,-0.0035,-0.0032,-0.0182,1.2251,0.7154,0.0612,0.3020,2.0000,13.027702290076425,1.0000,-0.4296,-1.0919,0.0100
14.0200,0.2270,0.4159,-0.5773,-11.4256,-0.0036,-0.0031,-0.0086,0.9621,0.7152,0.0612,0.3020,2.0000,13.015450381679477,1.0000,-0.4238,-0.8583,0.0100
14.0300,0.1133,0.4102,-0.5698,-11.3663,-0.0040,-0.0005,-0.0359,-2.7318,0.7150,0.0612,0.3020,2.0000,11.681727272739305,1.0000,-0.4181,2.7163,0.0100
14.0400,0.0000,0.4045,-0.5757,-11.3302,-0.0041,-0.0024,-0.0162,1.9698,0.7149,0.0612,0.3020,2.0000,10.017636363648418,1.0000,-0.4138,-2.2837,0.0100
14.0500,-0.1133,0.3988,-0.5716,-11.3299,-0.0044,-0.0048,-0.0312,-1.4978,0.7147,0.0612,0.3020,2.0000,7.441857142880289,1.0000,-0.4111,2.3376,0.0100
